Branch,Gender,CGPA,Backlogs,DSA_Score,Projects,LeetCode_Problems,Certifications,Internship,Communication_Score,PlacedOrNot
ECE,Female,7.98,0,52,1,1,3,1,4,1
Civil,Female,6.5,0,22,1,14,1,0,4,1
ISE,Male,8.96,0,50,3,71,0,1,2,1
Civil,Female,6.48,0,44,2,11,0,0,1,0
ISE,Female,7.45,0,15,1,279,2,1,4,0
Civil,Male,5.99,0,6,2,8,1,0,2,0
CSE,Female,6.39,0,67,4,98,2,1,2,1
CSE,Female,5.39,0,76,2,31,2,1,4,1
CSE,Female,7.63,1,85,2,59,1,0,2,1
ETE,Male,8.28,0,30,1,28,1,0,3,1
Civil,Female,8.3,0,34,1,44,1,1,4,1
CSE,Male,8.73,0,49,0,57,1,0,2,1
Civil,Male,9.46,0,32,3,65,1,0,3,1
CSE,Male,6.41,0,55,4,21,0,0,5,1
ETE,Female,8.15,0,16,2,20,1,0,4,1
CSE,Male,9.25,0,72,3,20,2,0,4,1
Civil,Male,6.26,3,25,3,5,2,1,3,0
ISE,Male,5.47,0,78,3,181,3,1,4,1
CSE,Female,7.55,0,40,1,63,2,1,3,0
ISE,Male,8.12,0,80,3,67,0,1,3,1
Civil,Male,7.53,1,42,2,17,1,0,4,0
CSE,Male,7.05,2,69,5,153,1,1,4,1
CSE,Male,7.41,0,62,1,76,4,0,3,0
AIML,Female,6.05,0,82,4,132,3,1,3,1
AIML,Male,8.34,0,68,2,37,0,1,1,1
EEE,Male,6.7,0,31,2,8,0,0,4,1
ETE,Male,7.25,0,20,2,25,4,0,3,0
ISE,Male,6.27,0,88,1,23,1,1,4,1
Civil,Female,9.75,0,45,1,8,2,0,2,1
CSE,Female,6.92,0,92,2,51,0,0,3,0
ETE,Male,8.93,0,8,3,21,0,0,4,1
EEE,Female,4.92,1,49,1,15,3,0,5,0
CSE,Male,7.54,0,42,2,149,0,1,3,1
AIML,Male,7.63,1,66,2,15,2,1,5,1
ECE,Female,7.86,1,26,1,27,2,0,5,0
Mechanical,Male,6.91,0,42,3,1,1,1,5,0
ETE,Male,5.99,1,11,2,31,2,0,3,1
EEE,Male,6.83,0,42,0,28,2,0,2,0
CSE,Female,6.63,0,59,5,37,1,1,5,0
AIML,Male,4.76,3,86,1,54,0,0,2,0
CSE,Male,7.82,2,85,2,26,3,0,5,1
Civil,Male,7.28,2,44,0,16,3,0,4,0
ECE,Male,8.25,0,32,1,60,3,0,4,1
CSE,Male,8.44,0,18,5,342,2,1,3,0
AIML,Male,5.62,3,91,4,3,0,0,4,0
CSE,Male,7.61,1,53,4,50,1,0,2,0
Mechanical,Female,7.21,1,30,3,37,1,0,2,0
ETE,Male,8.47,0,53,0,22,1,1,3,0
EEE,Male,6.9,0,44,0,28,2,1,3,1
CSE,Male,5.12,1,83,4,34,1,1,3,0
Mechanical,Female,5.16,1,29,3,13,1,1,3,1
CSE,Male,5.88,0,64,4,51,2,0,2,1
CSE,Male,7.07,0,34,2,56,2,0,4,0
CSE,Female,8.22,0,42,1,18,1,1,4,1
ECE,Female,7.89,0,34,2,2,1,0,3,1
ECE,Male,5.93,0,20,0,44,2,1,4,0
CSE,Male,9.03,0,65,1,26,1,1,3,1
Civil,Male,6.77,0,26,1,3,0,0,2,0
CSE,Male,7.52,0,53,2,279,3,1,3,1
ETE,Female,9.65,0,54,2,4,1,0,3,1
CSE,Male,7.97,0,21,2,60,0,1,2,1
Civil,Male,6.48,1,41,2,18,1,0,3,0
Mechanical,Female,7.65,1,20,1,1,2,0,4,1
AIML,Male,6.82,1,48,3,59,1,1,3,0
ECE,Male,4.96,2,24,2,5,3,0,3,0
ETE,Male,7.4,0,38,0,31,2,0,4,0
CSE,Male,8.2,0,37,3,114,3,1,4,1
Mechanical,Male,8.74,0,23,1,25,2,1,4,1
ISE,Male,5.07,1,84,4,13,2,0,4,1
Mechanical,Female,9.34,0,38,2,3,2,1,3,0
Civil,Female,6.01,4,28,2,2,3,1,3,0
ECE,Male,8.49,0,21,1,10,1,1,3,1
AIML,Male,6.89,0,24,1,55,1,1,3,0
ETE,Male,5.98,4,37,0,10,0,1,3,0
CSE,Female,7.44,0,52,1,2,1,1,2,0
ECE,Male,4.71,1,11,1,4,3,1,3,1
ETE,Male,8.32,0,49,1,5,2,0,2,0
CSE,Female,6.78,0,50,3,154,2,0,4,1
ISE,Female,7.59,0,29,4,136,1,0,3,0
ISE,Male,8.7,0,11,2,237,2,0,4,0
Mechanical,Female,6.76,0,29,2,20,1,0,4,0
EEE,Male,5.24,1,38,2,35,1,0,2,0
Mechanical,Male,9.2,0,45,3,10,1,0,1,1
AIML,Male,5.48,0,66,2,35,2,0,3,0
ETE,Female,6.17,0,40,1,18,0,0,3,0
AIML,Male,7.42,0,48,3,45,1,1,4,0
ISE,Male,6.33,3,50,1,240,1,0,3,0
AIML,Female,8.74,0,76,2,53,1,1,5,1
AIML,Female,7.53,1,29,0,95,1,1,5,0
ECE,Female,6.64,1,43,0,18,1,0,2,0
ISE,Female,6.98,0,46,3,30,2,1,4,1
CSE,Female,8.06,0,55,5,34,2,1,3,1
Mechanical,Female,6.67,0,51,2,5,0,0,3,0
ISE,Male,4.88,1,30,2,239,2,0,3,0
Civil,Male,5.85,4,35,1,57,2,1,3,0
CSE,Male,7.87,0,42,1,278,3,1,5,1
ECE,Female,6.2,2,37,1,5,1,0,3,0
Mechanical,Male,7.85,0,46,0,10,1,0,4,0
CSE,Male,6.58,1,59,2,52,2,1,3,0
EEE,Male,7.49,0,34,3,40,2,1,4,0
ETE,Female,7.0,0,32,2,3,2,1,3,1
ISE,Male,7.23,0,56,3,62,2,0,4,0
Civil,Male,7.93,0,32,3,23,0,0,4,1
EEE,Male,6.62,1,31,3,69,2,0,4,1
CSE,Male,9.08,0,53,2,25,4,1,3,1
AIML,Female,8.55,0,81,5,13,1,1,3,1
ECE,Male,7.15,1,33,1,4,0,1,3,0
ECE,Female,7.52,1,26,2,37,2,1,2,1
Civil,Male,7.09,0,51,0,23,1,0,3,1
EEE,Male,6.44,1,44,0,1,1,0,4,0
AIML,Female,6.04,0,54,5,12,1,1,4,1
CSE,Male,6.15,0,55,0,6,1,0,3,0
Mechanical,Male,8.88,0,43,3,1,1,1,4,0
Mechanical,Male,7.34,1,44,1,20,1,1,2,1
ISE,Male,6.82,2,63,2,16,2,1,3,0
AIML,Male,5.85,1,66,1,2,1,0,4,0
AIML,Male,5.73,4,25,0,161,2,0,4,0
Mechanical,Female,5.24,1,21,3,4,2,1,4,1
AIML,Female,6.54,2,41,1,154,1,0,4,0
EEE,Male,5.81,0,34,3,5,2,0,4,1
Civil,Male,7.29,0,10,2,11,1,1,4,1
CSE,Male,8.22,0,79,4,131,2,1,3,1
ISE,Male,8.07,0,56,1,48,3,1,3,1
CSE,Female,7.37,1,64,2,57,1,1,2,1
ISE,Female,7.94,2,33,1,89,1,1,2,0
Mechanical,Female,7.16,0,60,3,16,0,1,4,0
ISE,Female,9.16,0,32,3,500,0,1,3,0
AIML,Male,7.88,0,62,2,88,2,1,4,1
Mechanical,Male,6.99,0,30,1,10,2,0,3,1
ECE,Male,7.4,0,19,2,12,1,1,3,1
CSE,Male,5.53,1,22,3,74,2,1,4,0
CSE,Male,6.9,1,62,1,217,1,0,3,1
ISE,Male,7.42,0,82,3,100,1,1,2,1
AIML,Male,9.42,0,59,3,23,3,1,4,1
CSE,Male,7.35,1,65,4,20,1,1,3,0
Mechanical,Male,8.1,0,19,2,11,2,0,4,0
EEE,Male,7.96,0,36,0,0,2,1,3,1
ECE,Male,7.58,0,29,2,10,1,1,4,0
CSE,Male,7.88,0,87,1,7,3,0,3,1
ECE,Male,6.29,2,30,1,15,3,1,3,0
ISE,Female,9.21,0,63,1,66,3,0,4,1
EEE,Male,9.1,0,25,2,31,3,0,3,1
Civil,Female,8.66,0,32,2,1,2,0,4,0
AIML,Male,5.92,0,37,1,221,2,0,3,0
ETE,Male,7.19,2,42,3,4,3,0,4,0
Mechanical,Female,7.88,0,38,0,10,0,1,3,0
ETE,Female,7.17,0,42,2,3,1,0,2,0
CSE,Male,7.81,0,56,2,56,1,0,4,1
ETE,Female,6.94,0,52,3,1,2,1,3,1
CSE,Male,7.56,0,42,3,457,2,1,3,1
EEE,Male,5.56,0,26,1,35,2,1,1,0
ECE,Male,8.24,0,18,2,4,0,0,5,0
Civil,Male,7.34,0,15,2,2,1,0,3,0
ECE,Male,6.15,2,0,3,62,2,0,4,0
ISE,Female,9.79,0,42,4,80,2,0,3,1
AIML,Male,6.93,0,56,3,5,0,0,5,0
ECE,Male,8.64,0,20,1,3,0,1,4,1
CSE,Male,7.93,0,81,2,10,2,1,4,1
CSE,Female,6.43,4,73,3,69,2,1,4,0
ISE,Female,6.49,1,29,2,75,3,0,2,0
Mechanical,Male,8.23,0,21,2,50,1,1,3,0
AIML,Female,5.95,1,65,5,221,0,0,2,0
Mechanical,Male,8.69,0,30,2,17,1,0,3,0
Mechanical,Male,6.45,1,37,0,5,2,1,2,0
Mechanical,Male,9.2,0,35,1,8,2,0,1,0
CSE,Female,5.46,0,32,2,167,4,0,3,0
Mechanical,Male,5.5,1,3,0,19,1,1,2,0
ECE,Male,7.35,0,19,2,18,2,1,3,0
ECE,Male,7.0,1,23,2,31,1,0,2,0
ECE,Male,7.78,0,9,3,54,2,0,4,0
CSE,Male,6.75,0,76,3,16,1,0,1,1
Mechanical,Male,4.92,3,32,1,11,3,1,2,0
ECE,Male,7.17,0,56,2,29,0,1,2,0
ETE,Female,6.03,0,16,3,5,1,1,3,0
CSE,Male,4.29,0,72,4,1,2,1,3,0
CSE,Male,8.26,1,36,2,84,0,1,3,0
ETE,Male,6.32,3,17,2,14,0,1,4,0
AIML,Male,7.1,0,38,1,233,2,1,3,1
ETE,Male,7.22,1,19,1,1,2,0,3,0
ISE,Female,5.46,3,56,4,163,1,0,5,0
CSE,Male,8.26,0,53,2,8,2,1,3,0
Civil,Male,5.0,2,33,2,20,2,0,5,0
CSE,Female,6.43,3,75,4,25,4,0,3,0
Mechanical,Female,6.96,0,12,0,42,2,0,5,0
Civil,Female,5.93,3,36,1,3,0,0,3,0
Mechanical,Male,6.23,3,38,2,15,2,0,3,0
ECE,Male,8.76,0,29,1,24,2,0,3,1
ISE,Male,8.12,0,80,2,147,1,1,4,1
ETE,Male,6.64,0,33,3,5,2,0,4,0
EEE,Male,8.43,0,10,3,29,2,1,3,0
ETE,Male,7.04,0,15,3,15,1,1,2,1
CSE,Female,6.93,1,63,2,193,2,1,1,0
AIML,Male,6.56,1,71,1,97,1,0,3,1
ECE,Male,5.27,0,41,2,0,3,1,4,0
Mechanical,Male,7.07,1,27,0,17,4,1,3,1
Mechanical,Male,7.52,1,39,3,16,1,0,3,0
AIML,Male,7.04,0,74,3,71,2,0,3,1
ECE,Male,7.71,0,32,2,14,2,0,3,1
ECE,Male,6.68,2,19,1,13,0,1,3,0
EEE,Male,8.5,0,21,2,6,3,0,2,0
CSE,Male,8.49,0,55,3,394,0,0,3,1
ECE,Female,8.13,0,52,2,62,2,0,4,1
ISE,Male,9.13,0,72,2,48,1,0,3,0
CSE,Male,7.81,0,51,3,35,2,0,4,0
ETE,Female,6.47,3,35,0,15,0,0,3,0
ECE,Male,4.85,2,40,2,37,2,0,4,0
ISE,Female,8.87,0,49,4,198,1,1,3,1
ETE,Female,6.02,0,52,1,3,3,0,2,1
ETE,Male,6.53,0,26,1,22,2,0,3,0
ECE,Female,7.14,0,12,2,66,1,0,1,0
CSE,Male,6.89,0,86,4,9,3,0,4,0
Mechanical,Female,5.35,0,7,2,3,2,0,4,0
ECE,Male,6.25,0,20,1,6,3,0,3,0
CSE,Male,6.95,0,100,5,169,2,0,4,1
ECE,Male,10.0,0,7,3,48,2,0,4,1
AIML,Male,6.4,3,72,4,12,1,1,3,0
EEE,Male,6.11,2,20,1,14,1,0,4,0
ECE,Female,7.7,2,52,1,2,3,0,4,0
CSE,Female,7.91,0,0,4,1,1,1,4,0
CSE,Male,8.57,0,44,2,252,0,1,4,0
ISE,Male,8.07,0,65,1,112,2,1,4,0
ETE,Male,6.22,1,29,1,1,1,0,4,0
CSE,Female,4.93,0,59,3,126,2,0,2,0
ISE,Male,8.25,0,42,2,189,1,1,3,0
Civil,Male,8.83,0,10,3,13,1,0,4,1
AIML,Male,8.21,0,66,3,58,0,1,3,1
ISE,Male,6.57,0,58,2,0,1,0,3,0
CSE,Female,6.17,0,77,2,25,2,0,4,0
ECE,Female,7.67,0,28,2,13,1,1,4,1
CSE,Female,7.43,1,56,5,96,1,0,4,0
CSE,Male,7.2,0,67,2,18,1,1,2,0
ECE,Female,6.72,0,37,1,42,1,1,4,1
CSE,Female,6.16,1,77,2,99,0,1,3,1
CSE,Male,5.11,2,57,0,38,1,0,2,0
ECE,Male,10.0,0,41,1,66,1,1,3,0
AIML,Male,6.91,0,58,0,27,2,0,3,0
CSE,Male,7.4,1,56,0,183,2,1,3,1
ISE,Male,6.31,1,39,3,51,0,1,5,0
Civil,Male,5.69,0,20,0,19,2,0,2,0
ETE,Male,5.8,0,42,3,6,1,1,4,1
CSE,Male,6.2,0,96,5,60,1,0,4,1
ISE,Female,9.83,0,17,0,14,1,0,1,0
Civil,Female,6.68,2,38,1,60,4,1,5,0
ISE,Male,6.34,1,58,5,16,2,1,5,0
EEE,Female,6.43,1,37,2,5,2,1,2,0
AIML,Male,7.94,0,50,3,20,1,1,4,1
ECE,Male,9.72,0,26,1,10,3,1,1,0
ECE,Male,7.5,2,32,2,8,2,0,3,0
ETE,Male,7.22,0,15,0,0,0,1,3,0
EEE,Male,7.86,1,69,1,8,3,1,4,1
AIML,Male,5.46,1,54,1,32,3,0,2,1
Civil,Male,8.72,0,24,1,23,2,1,2,0
EEE,Male,6.59,0,28,2,0,1,0,2,0
ISE,Male,5.96,0,40,3,272,1,1,4,0
ECE,Male,8.63,0,15,1,9,3,1,5,0
ECE,Male,6.48,1,33,2,3,2,0,5,1
ISE,Male,8.46,0,35,1,57,1,1,5,0
AIML,Female,8.18,0,53,3,158,1,1,2,1
ISE,Female,7.73,0,70,3,235,1,1,2,0
AIML,Male,7.13,0,64,3,135,1,1,2,1
AIML,Female,7.79,0,44,2,11,3,0,3,1
Mechanical,Female,6.42,1,41,2,35,3,0,4,1
EEE,Male,5.96,1,9,1,26,1,0,4,0
ECE,Female,6.68,0,27,3,20,2,1,2,1
AIML,Male,6.04,1,35,5,5,1,0,5,1
ECE,Female,6.43,0,55,1,6,1,0,3,1
ETE,Female,6.33,0,32,3,7,0,0,4,0
ISE,Male,8.63,0,75,2,25,2,1,5,1
CSE,Female,7.86,0,61,3,96,2,1,1,1
ISE,Male,7.07,1,64,1,89,4,0,1,0
CSE,Female,7.04,0,71,2,102,0,1,4,0
ISE,Female,7.63,0,66,2,19,1,0,2,0
AIML,Male,6.5,2,59,4,130,2,1,3,1
ETE,Female,7.39,0,55,1,50,2,0,3,0
Mechanical,Female,6.92,0,51,1,24,1,0,4,0
CSE,Female,6.63,0,19,2,55,0,0,5,1
AIML,Male,5.69,0,71,1,5,0,1,4,0
AIML,Male,5.99,0,32,3,61,1,0,4,0
ISE,Female,7.05,0,61,3,226,3,0,3,0
EEE,Male,7.7,1,42,3,27,1,1,2,0
CSE,Female,6.7,0,49,0,101,2,0,2,1
CSE,Male,6.86,0,63,1,20,1,1,3,1
ECE,Male,8.43,0,61,1,15,2,1,2,1
ECE,Female,7.86,0,63,2,2,1,0,4,1
ECE,Female,7.25,0,8,0,31,0,0,3,0
AIML,Male,8.69,0,57,4,53,1,1,3,1
Mechanical,Female,6.24,0,29,2,46,1,0,4,0
EEE,Female,7.43,0,21,1,32,1,1,3,1
ISE,Male,6.45,0,51,2,102,2,1,1,1
ETE,Male,7.52,0,52,2,17,2,1,4,1
CSE,Female,8.88,0,68,1,176,2,1,4,1
ETE,Female,9.44,0,46,1,25,1,0,3,1
ISE,Male,7.22,0,73,1,95,1,1,4,0
ISE,Female,7.32,0,53,2,25,0,1,3,0
ISE,Female,7.86,1,67,1,7,2,1,3,1
ISE,Male,6.8,0,64,0,87,1,1,4,1
Mechanical,Female,7.6,0,34,2,1,0,1,3,0
Mechanical,Female,7.08,0,22,0,8,2,0,3,0
ISE,Male,7.95,1,81,0,145,2,1,4,0
EEE,Male,9.32,0,22,1,18,3,1,3,1
ISE,Female,7.95,0,72,1,48,2,1,3,0
CSE,Male,8.54,0,76,2,13,2,1,2,0
ECE,Female,6.8,0,35,2,18,2,1,4,0
EEE,Male,5.88,1,25,1,50,2,0,3,1
CSE,Male,7.43,1,39,4,86,1,1,4,1
AIML,Male,7.55,0,56,4,5,1,0,5,0
Mechanical,Female,6.95,0,18,1,5,1,0,2,1
CSE,Female,5.16,2,45,2,28,1,0,3,0
ETE,Male,7.91,0,21,1,39,0,0,3,1
EEE,Female,7.48,0,14,0,19,1,0,2,0
ISE,Female,7.06,0,42,3,68,2,1,4,1
EEE,Female,5.78,1,22,2,13,1,1,3,0
ECE,Male,9.08,0,25,1,60,0,0,3,0
ETE,Male,4.68,1,42,0,16,0,0,3,0
Mechanical,Male,5.87,0,33,2,9,0,0,4,0
CSE,Female,6.38,3,41,2,24,0,1,4,0
AIML,Male,4.7,0,43,2,202,0,0,3,1
Mechanical,Male,9.11,0,26,1,11,2,1,4,1
Mechanical,Male,7.37,0,0,3,14,1,0,1,0
ECE,Female,5.34,0,25,2,2,2,0,2,0
Mechanical,Male,6.56,1,35,1,22,2,1,3,1
CSE,Female,9.04,0,57,2,2,3,1,5,1
ETE,Female,8.24,0,23,3,26,1,0,5,1
AIML,Female,5.89,0,29,2,24,1,1,5,1
ECE,Female,7.59,0,12,3,11,1,0,3,0
AIML,Female,8.24,0,58,3,4,0,0,4,1
ECE,Female,8.56,0,13,1,4,1,0,4,1
AIML,Male,7.12,0,17,3,45,0,0,3,0
ISE,Female,7.85,1,58,3,85,3,1,3,1
Mechanical,Female,7.41,0,16,0,78,1,0,3,0
CSE,Female,6.06,0,56,3,28,3,1,5,1
Civil,Male,6.68,0,27,2,12,1,1,3,0
ECE,Female,7.09,0,49,1,32,1,0,2,0
ECE,Female,6.53,1,10,2,9,1,0,5,1
Civil,Female,6.59,0,30,1,3,2,1,3,0
CSE,Male,7.52,1,36,3,6,1,1,3,0
Mechanical,Male,5.55,0,19,1,10,2,1,2,0
CSE,Male,5.76,3,49,3,21,1,1,5,0
Mechanical,Female,7.47,0,40,1,27,1,1,3,0
Mechanical,Male,7.38,1,48,1,9,3,0,4,0
EEE,Male,5.02,0,41,1,0,4,1,3,0
ISE,Female,8.82,0,45,5,2,2,1,4,1
Civil,Male,5.65,0,38,2,10,0,0,3,0
Mechanical,Male,6.19,0,26,2,18,0,0,1,0
Civil,Male,7.79,1,24,1,1,0,0,3,1
EEE,Male,6.39,0,45,2,10,4,0,3,0
ISE,Female,8.22,0,12,2,142,2,0,3,0
Civil,Male,4.82,3,20,0,4,2,0,3,0
ISE,Male,5.72,1,57,4,114,0,0,3,0
ECE,Female,9.08,0,17,2,6,3,1,3,1
ECE,Male,8.37,0,37,2,10,0,1,3,0
ISE,Male,7.93,0,77,4,27,1,1,3,1
ISE,Male,6.75,1,63,3,138,2,1,1,0
CSE,Female,8.0,0,40,4,8,0,1,4,0
ISE,Female,9.2,0,85,3,44,1,1,3,1
ISE,Male,6.23,0,69,1,74,2,0,4,1
ECE,Female,6.7,0,0,0,5,0,1,3,0
CSE,Male,7.46,0,56,4,68,2,1,2,1
ETE,Male,6.99,0,41,2,6,1,1,5,0
ETE,Female,7.06,0,33,1,4,2,1,3,1
AIML,Male,8.0,0,93,1,7,2,1,4,1
ECE,Female,6.75,0,34,2,8,1,0,3,0
Civil,Male,6.17,1,30,1,18,1,0,2,0
CSE,Male,7.16,0,60,4,433,2,1,3,1
ECE,Female,5.82,0,47,2,2,2,1,4,0
Mechanical,Male,8.09,0,51,0,6,1,1,4,1
CSE,Female,7.14,0,35,3,7,0,0,3,0
ISE,Male,9.57,0,54,2,76,3,1,3,0
ECE,Male,5.56,2,27,2,8,3,0,3,0
AIML,Female,8.67,0,31,3,48,1,1,3,1
EEE,Female,6.49,0,27,2,3,2,1,3,1
ECE,Male,6.94,0,44,2,11,2,0,4,0
ETE,Female,7.11,0,12,2,10,1,0,3,1
AIML,Male,7.3,0,41,4,68,1,1,3,1
EEE,Female,5.31,0,17,1,11,2,0,5,0
EEE,Female,7.14,0,17,2,30,1,1,2,0
Civil,Male,7.72,0,0,3,22,1,1,5,1
Civil,Male,6.49,0,42,1,20,1,0,3,0
ECE,Male,6.47,2,28,2,17,1,1,3,0
ETE,Female,5.37,4,56,2,18,1,1,3,0
CSE,Male,7.37,0,86,3,6,1,0,2,1
ECE,Male,7.54,0,0,1,36,0,0,2,1
EEE,Male,7.39,2,45,0,2,0,0,3,0
CSE,Female,6.61,0,71,1,10,0,0,3,1
Civil,Female,8.37,0,0,0,22,2,0,3,0
CSE,Male,7.33,0,65,2,39,1,0,2,0
ETE,Male,8.18,0,29,1,8,2,1,3,0
Mechanical,Male,5.37,4,4,1,32,1,1,3,0
Mechanical,Female,6.25,1,36,2,10,1,1,2,0
ECE,Male,8.84,0,12,1,8,2,0,2,0
EEE,Male,8.01,0,17,1,30,2,0,4,0
AIML,Female,6.89,0,100,2,43,2,0,3,1
ECE,Male,7.97,0,31,1,1,2,0,3,0
Mechanical,Male,8.32,0,32,2,11,2,1,3,1
ISE,Male,6.22,1,33,3,44,2,0,2,0
EEE,Male,6.34,2,6,0,20,2,1,5,1
CSE,Female,9.96,0,25,3,214,4,1,3,0
CSE,Male,6.87,0,64,1,156,1,1,3,0
AIML,Male,5.58,4,46,3,218,1,1,4,0
Civil,Male,7.66,0,17,2,4,1,0,3,0
AIML,Male,5.35,0,42,3,191,1,1,4,0
CSE,Female,5.39,0,31,2,9,1,0,4,0
ISE,Female,7.69,0,66,3,232,2,1,3,1
EEE,Male,8.39,0,20,0,60,1,1,4,0
Civil,Male,8.44,0,43,1,41,0,0,4,0
Mechanical,Male,7.61,0,24,1,25,1,1,3,0
Mechanical,Female,8.66,0,45,3,25,0,0,4,1
Civil,Female,5.54,0,41,3,7,2,0,2,1
EEE,Female,5.48,0,10,2,11,3,0,3,1
Civil,Male,7.46,0,21,1,10,2,0,4,0
ECE,Male,8.23,0,17,1,18,4,0,5,1
CSE,Male,5.51,0,46,4,148,2,0,2,1
AIML,Female,6.01,1,51,2,37,2,1,2,1
Civil,Male,7.07,1,23,1,11,2,0,4,0
CSE,Female,7.53,0,54,5,112,1,1,5,0
CSE,Female,5.49,2,44,2,140,0,0,3,0
CSE,Male,5.07,1,64,2,166,3,0,3,1
Civil,Male,5.93,0,14,1,30,0,1,2,1
Mechanical,Male,7.42,0,49,3,5,3,0,4,1
EEE,Female,6.43,0,16,1,9,1,0,4,1
ISE,Male,7.99,0,71,1,63,0,1,3,1
ISE,Female,7.04,0,63,1,39,3,0,4,1
Civil,Male,6.4,1,47,1,3,3,1,4,0
Mechanical,Male,5.7,1,13,1,3,2,1,3,1
CSE,Male,8.37,0,27,3,36,2,0,3,0
CSE,Male,6.81,0,71,0,93,1,0,4,1
ECE,Male,6.66,0,18,3,0,1,0,3,0
CSE,Female,8.0,0,38,4,64,1,0,2,0
ISE,Male,6.31,4,78,3,72,3,0,3,0
ISE,Female,7.03,0,70,5,47,1,1,5,1
AIML,Female,6.24,2,16,2,126,3,1,4,0
Mechanical,Male,7.05,0,21,1,27,1,1,2,0
EEE,Male,8.41,0,17,1,68,2,1,3,1
Mechanical,Male,5.98,1,42,0,4,0,0,5,0
ETE,Female,5.78,2,32,2,26,2,1,3,0
ETE,Male,8.41,0,21,1,12,3,0,4,1
AIML,Female,6.86,0,29,3,61,2,0,3,1
ISE,Male,7.69,0,72,5,101,3,1,3,1
AIML,Male,7.57,0,17,3,14,1,1,5,0
Civil,Female,5.67,1,35,2,18,1,0,3,0
CSE,Female,9.51,0,39,2,65,1,1,5,1
ISE,Female,7.16,0,44,4,0,2,1,3,1
Civil,Male,5.56,1,38,1,1,0,1,3,1
EEE,Female,7.34,0,19,0,1,2,0,1,0
Mechanical,Male,6.58,0,28,2,16,1,0,2,0
CSE,Female,7.54,0,75,2,79,1,1,4,1
ISE,Female,7.17,1,41,3,63,1,1,4,0
EEE,Male,8.84,0,5,2,53,2,0,3,0
ECE,Female,8.1,0,34,0,7,1,1,4,0
ISE,Male,7.0,0,87,3,3,1,1,2,0
ISE,Male,7.96,0,41,3,1,0,1,4,0
CSE,Male,6.95,1,70,1,219,2,1,4,1
Civil,Male,8.68,0,14,3,4,2,1,2,1
ISE,Male,8.65,0,45,4,15,3,0,3,0
ECE,Male,9.16,0,24,0,7,1,0,3,1
CSE,Male,9.22,0,75,3,42,1,0,4,0
CSE,Male,7.13,0,61,4,101,2,1,4,1
ECE,Male,6.28,1,29,1,42,1,1,3,1
Civil,Male,6.88,1,2,1,4,0,0,4,0
ISE,Male,7.75,0,51,5,53,0,1,3,0
Civil,Male,7.53,0,22,1,0,0,1,2,0
ETE,Male,7.01,0,44,1,9,3,1,3,0
Civil,Female,4.0,0,38,3,3,2,0,3,0
Civil,Male,6.25,0,32,1,14,1,0,2,0
Civil,Female,8.16,0,2,0,33,3,0,2,0
EEE,Male,6.79,0,5,2,107,1,0,3,0
CSE,Female,7.19,0,78,2,62,2,1,5,1
ECE,Female,6.72,0,13,1,30,1,1,3,1
Mechanical,Male,7.23,0,6,0,20,1,0,5,0
Mechanical,Male,8.47,0,32,2,9,0,0,3,0
ISE,Female,8.11,1,49,2,30,1,1,3,0
CSE,Male,5.31,0,30,2,30,0,0,5,0
ECE,Male,8.59,0,44,0,22,0,0,4,1
Mechanical,Male,7.03,0,48,0,61,0,0,3,0
EEE,Male,6.02,0,18,1,24,1,0,3,0
Civil,Female,5.84,1,16,2,39,2,0,4,0
CSE,Female,7.18,0,52,3,116,1,1,3,1
AIML,Female,8.5,0,87,1,111,2,0,3,1
EEE,Female,9.54,0,45,0,5,1,0,2,0
ISE,Male,5.88,3,52,4,98,0,1,4,0
CSE,Male,7.53,0,78,2,60,0,1,2,1
ISE,Male,7.68,1,39,1,8,0,1,3,0
CSE,Male,7.39,0,58,1,9,0,0,2,1
ECE,Female,8.55,0,35,0,26,1,1,3,0
ISE,Male,8.5,0,73,5,297,0,1,4,1
CSE,Female,6.55,0,53,4,96,1,0,3,0
Civil,Male,7.51,0,0,3,8,1,0,4,0
AIML,Male,6.29,1,47,0,72,3,1,3,0
CSE,Female,6.54,0,68,4,167,1,0,2,1
Mechanical,Female,6.94,0,47,2,1,2,0,2,1
CSE,Male,8.58,0,60,0,68,2,1,3,1
ISE,Male,8.1,0,82,3,89,1,1,2,1
ETE,Female,7.33,0,35,0,33,2,1,4,0
Mechanical,Male,7.97,0,36,2,7,3,0,3,1
AIML,Male,7.16,1,23,2,12,2,1,5,1
ETE,Male,7.77,0,16,2,7,1,0,5,1
ISE,Male,5.3,3,63,2,180,0,1,5,0
Civil,Male,7.38,0,35,1,7,0,0,2,0
AIML,Male,7.62,0,37,1,14,3,1,3,0
EEE,Female,8.44,0,52,0,12,3,0,4,0
CSE,Female,8.09,0,42,3,192,1,1,3,1
ISE,Female,7.36,0,52,2,5,1,1,4,0
ISE,Female,7.1,0,48,1,138,1,1,3,0
CSE,Male,6.91,1,63,5,19,1,1,5,0
EEE,Female,6.48,0,25,2,9,0,0,5,0
ECE,Male,6.79,0,27,0,17,3,0,4,0
AIML,Female,6.65,0,33,1,35,1,1,3,0
ECE,Female,8.31,0,33,2,19,1,0,2,1
Mechanical,Male,8.02,0,17,2,3,3,1,4,1
AIML,Male,5.79,1,100,0,43,2,0,4,1
Mechanical,Male,6.4,1,19,2,10,1,1,4,0
ECE,Male,5.44,4,49,1,13,2,1,4,0
AIML,Male,5.53,1,54,2,197,1,1,3,0
EEE,Male,6.24,1,26,1,30,1,0,3,0
AIML,Male,6.17,4,55,3,26,2,0,5,0
ETE,Male,8.32,0,40,2,44,0,0,3,0
ECE,Female,5.96,0,39,1,10,1,0,4,0
ISE,Male,6.85,0,60,3,76,0,1,3,1
AIML,Female,7.89,0,52,3,52,3,1,2,0
Mechanical,Female,7.88,1,21,1,60,0,0,3,0
ETE,Male,8.07,0,31,2,0,1,0,3,1
AIML,Male,7.09,0,86,3,15,3,1,2,0
EEE,Male,5.56,2,40,2,77,1,0,4,0
EEE,Male,7.0,1,17,3,2,0,0,4,1
AIML,Male,5.4,2,80,2,81,1,1,4,1
Mechanical,Male,6.96,0,14,2,28,0,0,4,0
EEE,Female,4.42,2,41,1,12,1,1,4,0
ISE,Male,5.39,2,63,2,32,0,0,5,0
CSE,Male,7.78,0,16,2,47,3,1,3,1
ECE,Female,7.99,0,16,1,29,1,0,3,0
CSE,Female,7.57,0,50,3,30,3,0,2,0
CSE,Male,8.02,0,51,2,96,2,1,3,0
CSE,Male,7.91,0,67,2,13,1,1,4,1
CSE,Male,6.96,1,37,3,129,1,0,2,0
AIML,Male,4.05,1,100,4,69,1,0,2,1
CSE,Female,6.39,2,63,1,28,1,0,3,0
ECE,Female,7.38,0,22,2,14,1,0,2,1
ISE,Male,6.82,2,50,0,129,2,0,2,0
AIML,Male,6.18,0,64,4,18,0,1,3,0
ETE,Male,5.98,0,4,1,2,1,0,4,0
CSE,Male,5.97,2,47,3,16,1,0,4,0
Civil,Female,8.8,0,2,2,3,1,1,4,0
Mechanical,Female,9.2,0,34,2,3,2,1,2,1
CSE,Male,7.14,0,50,3,87,2,0,2,0
CSE,Female,7.2,2,79,1,28,2,1,5,1
EEE,Male,5.69,0,41,2,4,2,0,4,0
ISE,Male,6.97,2,76,2,12,1,1,3,0
Mechanical,Male,7.47,0,23,2,11,1,1,3,1
ECE,Male,8.85,0,31,2,22,1,0,5,0
EEE,Male,7.3,0,24,2,8,0,0,5,0
ECE,Male,8.05,0,76,2,3,0,0,3,1
ETE,Female,6.83,0,48,1,78,2,1,1,0
CSE,Male,4.67,3,95,3,5,1,0,3,0
EEE,Male,7.22,1,11,2,8,3,1,3,1
AIML,Female,8.06,0,100,2,49,2,1,4,1
EEE,Male,9.01,0,22,3,6,1,0,3,0
AIML,Female,7.61,0,49,4,31,1,1,5,1
ECE,Female,5.68,1,23,1,49,2,0,5,0
CSE,Male,5.79,3,50,3,24,2,1,5,0
EEE,Female,9.29,0,60,0,15,1,0,4,1
EEE,Male,7.18,0,37,2,36,4,0,3,0
CSE,Male,6.6,0,52,2,92,3,0,4,1
EEE,Male,8.43,0,37,3,25,3,0,2,0
CSE,Male,10.0,0,48,1,54,3,1,3,0
ETE,Male,5.54,4,23,0,9,0,0,4,0
CSE,Male,7.91,1,68,4,91,0,1,4,0
EEE,Male,7.78,2,40,1,5,1,1,2,1
Civil,Male,6.69,1,45,2,46,3,0,2,0
ETE,Female,9.93,0,17,2,68,1,0,2,0
EEE,Male,4.88,1,19,2,0,2,1,3,1
AIML,Female,6.28,0,32,3,13,1,1,3,1
ECE,Male,7.75,0,33,1,16,3,1,4,1
ETE,Male,6.44,0,29,2,12,1,0,4,0
ISE,Male,7.52,0,51,3,72,1,1,3,1
CSE,Male,6.99,1,62,3,22,0,0,4,1
ECE,Male,6.51,0,35,1,15,2,0,4,0
EEE,Female,5.93,1,26,2,20,1,1,3,1
ECE,Female,7.17,1,51,1,10,3,1,4,0
CSE,Female,6.04,0,44,2,23,1,0,3,0
ECE,Male,7.75,1,34,1,27,0,0,3,0
ISE,Male,5.6,1,69,3,85,1,1,3,0
CSE,Male,7.93,0,13,3,19,2,1,3,0
ETE,Male,6.47,1,43,2,9,1,0,4,0
EEE,Female,8.12,0,15,3,10,0,0,3,1
AIML,Male,6.87,0,79,1,32,0,1,4,1
ISE,Female,6.02,1,45,4,0,1,1,2,1
EEE,Female,7.44,0,29,0,98,1,0,3,1
CSE,Male,8.67,0,51,5,27,1,0,2,1
AIML,Female,6.78,0,70,4,80,0,0,3,0
ECE,Female,7.01,0,22,2,7,2,1,5,0
Mechanical,Male,6.55,0,43,1,12,1,1,3,1
EEE,Male,6.92,0,25,1,32,2,0,3,0
AIML,Male,5.88,0,53,4,157,2,0,3,0
Civil,Male,6.57,0,38,2,10,3,0,3,0
Mechanical,Male,8.82,0,7,3,49,0,0,2,0
CSE,Male,9.81,0,32,2,214,3,1,1,1
ETE,Male,7.49,0,40,3,63,0,0,3,0
CSE,Male,7.2,0,66,3,33,3,1,2,1
AIML,Male,6.35,0,67,2,229,3,0,3,1
EEE,Male,7.0,1,0,2,0,1,0,3,0
CSE,Male,8.03,0,42,2,43,4,0,3,1
CSE,Male,7.46,0,70,4,3,1,1,4,1
ECE,Male,8.37,0,50,0,11,0,1,3,1
AIML,Male,8.35,0,43,3,3,2,1,2,1
Mechanical,Male,7.0,0,54,0,34,1,0,4,0
Civil,Male,7.83,0,28,1,2,2,0,4,0
CSE,Male,7.05,0,41,2,110,2,1,1,1
EEE,Female,7.55,0,34,1,12,0,0,5,1
ISE,Male,7.36,0,69,4,33,2,0,2,0
AIML,Male,7.94,0,9,2,18,1,1,3,1
EEE,Female,6.98,0,28,2,16,2,1,4,0
ECE,Male,7.17,0,31,2,6,2,0,3,0
ISE,Male,9.64,0,64,2,83,0,1,3,0
CSE,Male,8.47,0,54,4,52,1,0,4,1
Mechanical,Female,7.24,0,40,2,2,2,0,3,1
CSE,Male,9.57,0,33,3,16,2,1,3,0
ISE,Female,6.43,1,0,0,84,2,0,2,0
Civil,Female,6.79,0,16,2,0,1,1,1,1
Civil,Male,6.97,0,28,1,42,1,1,5,1
CSE,Male,7.42,0,46,4,10,1,1,3,1
CSE,Male,7.67,0,51,2,89,0,1,4,0
ETE,Female,7.62,0,22,3,25,2,0,3,0
AIML,Male,8.14,0,43,2,30,2,1,3,0
AIML,Female,5.18,0,49,2,174,1,1,2,1
Civil,Female,7.21,0,7,1,30,2,0,5,0
ECE,Male,8.62,0,61,2,3,2,0,2,0
Civil,Female,6.06,1,24,0,54,0,0,3,0
AIML,Male,6.56,0,39,1,75,2,1,5,0
Civil,Male,6.72,1,18,3,39,0,1,3,1
ECE,Male,4.78,1,38,2,40,2,0,4,0
CSE,Male,8.23,0,62,4,153,3,0,5,1
EEE,Male,5.25,0,24,2,0,2,0,2,0
ECE,Male,7.36,0,29,0,11,3,0,2,0
ETE,Male,5.71,1,37,2,6,3,1,4,1
CSE,Male,7.15,0,30,3,11,1,0,4,1
Mechanical,Female,8.36,0,19,3,14,1,0,2,0
CSE,Female,7.95,0,53,3,52,2,0,2,1
AIML,Male,5.51,3,62,4,58,1,0,1,0
ETE,Male,7.03,0,38,1,14,1,0,3,0
Civil,Male,7.19,0,21,1,28,4,1,2,0
AIML,Male,8.61,0,57,2,54,2,0,5,0
ETE,Male,6.06,0,33,2,10,2,0,3,1
Civil,Male,5.86,0,47,3,6,1,1,1,0
EEE,Male,7.58,0,39,0,23,2,0,3,1
ETE,Female,7.63,0,12,1,5,2,0,3,1
CSE,Male,6.13,1,67,2,42,1,0,2,0
ETE,Female,6.8,0,3,1,0,3,0,3,1
CSE,Male,5.57,2,79,3,23,2,0,3,0
ISE,Male,5.43,0,88,2,52,1,1,3,1
ECE,Female,8.63,0,53,2,0,3,0,3,1
ETE,Male,7.02,0,45,0,11,1,0,4,0
Civil,Male,7.06,0,31,1,16,3,0,2,0
ISE,Female,8.7,0,58,1,65,3,1,3,1
Civil,Female,7.5,1,16,1,5,2,0,3,0
EEE,Female,8.67,0,6,2,20,1,0,2,1
EEE,Female,8.37,0,40,1,10,0,0,3,0
CSE,Male,6.34,2,71,3,233,1,1,3,0
ECE,Male,10.0,0,43,2,21,0,1,3,0
Mechanical,Male,8.02,0,0,2,0,0,0,4,0
AIML,Female,7.31,0,34,2,104,1,0,2,0
AIML,Female,6.0,1,65,4,30,2,0,4,0
ISE,Male,5.48,1,43,2,109,4,0,4,0
CSE,Female,9.81,0,58,2,185,2,1,4,1
Civil,Female,7.07,0,25,0,0,1,0,3,0
CSE,Female,5.49,0,56,3,5,0,0,4,0
AIML,Female,6.87,0,96,0,77,2,0,3,1
ETE,Female,6.76,1,42,2,42,1,0,3,0
Civil,Male,9.99,0,39,0,29,2,0,3,0
CSE,Female,7.89,1,24,3,42,2,1,3,0
AIML,Male,6.67,0,52,3,114,1,1,1,1
ISE,Male,7.52,0,54,4,0,2,1,2,1
ECE,Female,9.18,0,68,0,33,0,1,5,1
ETE,Male,5.84,2,35,1,12,2,0,4,0
ETE,Male,6.29,1,35,1,27,1,1,4,1
ETE,Male,9.04,0,18,2,6,1,0,4,0
AIML,Male,5.79,0,30,2,130,3,0,3,1
Mechanical,Male,7.18,0,40,3,0,2,0,3,0
ETE,Female,6.61,0,20,0,2,4,0,2,1
AIML,Female,7.01,0,36,3,23,3,1,3,1
ECE,Male,6.76,1,55,3,8,2,0,3,0
ISE,Female,7.01,0,30,3,38,3,1,3,1
ECE,Female,8.55,0,35,0,0,1,1,4,1
ECE,Male,5.48,0,22,1,1,0,0,4,0
Civil,Male,5.68,0,9,2,0,3,1,3,0
ETE,Male,6.72,0,31,1,15,3,0,4,1
ECE,Male,5.9,1,25,2,11,1,1,4,0
ISE,Female,5.49,0,62,4,3,4,0,4,1
ECE,Female,8.42,0,0,0,5,2,0,2,0
ETE,Female,6.47,2,37,2,18,1,0,2,0
EEE,Male,4.53,1,23,3,3,1,0,4,0
Civil,Male,6.48,3,32,2,22,2,0,1,0
ISE,Male,10.0,0,39,2,2,1,1,5,1
CSE,Female,5.75,3,56,3,105,2,0,3,0
ISE,Male,8.0,0,68,3,145,2,0,3,1
CSE,Male,6.93,1,26,1,101,2,0,5,0
ECE,Female,8.23,0,13,2,11,2,0,4,0
ECE,Male,8.35,0,28,2,32,1,0,3,0
ISE,Male,6.55,0,77,2,9,2,0,3,0
ISE,Female,6.09,2,52,0,163,0,0,2,0
AIML,Female,5.21,0,34,2,64,2,0,5,1
Civil,Male,4.71,1,26,2,11,1,1,4,0
ISE,Male,5.03,1,78,2,12,1,0,4,0
Civil,Female,6.99,0,46,3,15,3,0,2,0
EEE,Female,5.68,1,36,2,29,1,0,5,0
ECE,Male,6.12,0,42,2,6,2,0,4,1
CSE,Male,8.09,0,40,5,37,2,0,3,0
EEE,Male,7.64,0,19,1,60,0,0,5,1
ISE,Male,7.89,0,37,2,122,3,0,3,0
ECE,Male,7.36,0,25,1,33,2,0,3,0
ISE,Male,6.67,1,43,3,36,3,0,3,1
ECE,Male,5.78,1,44,0,4,1,1,3,0
ISE,Male,7.02,0,48,1,114,0,1,3,1
EEE,Male,8.44,0,16,1,2,3,0,3,1
CSE,Male,5.48,1,57,3,71,0,0,4,0
ETE,Male,8.4,0,47,1,8,2,0,3,0
AIML,Female,5.68,3,90,2,317,2,1,2,0
AIML,Male,5.73,1,83,3,33,0,0,3,0
AIML,Male,4.97,0,26,2,298,3,0,3,0
ECE,Male,7.22,2,17,2,1,0,1,4,0
ETE,Male,7.78,0,38,2,4,0,0,2,0
ECE,Male,5.1,0,27,2,10,1,1,4,0
ECE,Male,6.02,1,39,0,34,0,1,4,0
AIML,Male,6.84,1,81,2,226,1,0,4,0
EEE,Male,7.8,1,29,2,0,1,1,4,1
Mechanical,Male,6.47,0,14,2,1,0,1,2,1
ECE,Male,6.83,1,53,2,2,0,0,3,0
EEE,Male,6.59,0,20,1,14,0,1,4,1
ECE,Female,8.36,0,4,2,1,3,1,4,0
EEE,Male,8.12,0,29,2,12,1,0,3,0
ECE,Male,5.89,0,27,2,16,2,0,3,1
ISE,Male,6.73,0,39,5,29,0,0,3,1
Mechanical,Female,6.82,0,6,2,10,1,0,4,0
CSE,Female,8.53,0,59,3,89,0,1,3,0
CSE,Male,7.76,0,52,5,185,1,1,5,1
ECE,Male,6.34,1,16,1,41,2,0,4,0
Civil,Male,7.37,1,28,2,29,0,0,3,0
Mechanical,Male,8.06,0,29,3,103,2,0,3,0
ISE,Male,8.13,0,58,1,84,2,1,3,1
Civil,Female,8.63,0,27,1,3,1,0,1,0
AIML,Female,8.08,0,59,3,123,1,1,2,0
ECE,Female,9.29,0,42,2,10,1,1,3,1
CSE,Female,7.51,0,40,2,91,0,1,4,0
CSE,Female,8.17,0,61,3,201,3,1,3,1
ECE,Male,7.99,0,23,2,3,1,0,3,0
Mechanical,Male,4.87,3,0,2,14,2,1,1,0
Mechanical,Female,9.25,0,67,2,21,1,1,4,1
ECE,Male,5.88,1,42,3,10,3,1,2,1
Civil,Female,7.21,1,9,0,18,1,1,3,0
ETE,Male,7.09,0,23,2,32,1,1,4,0
ECE,Male,7.52,0,4,1,1,2,0,2,0
ISE,Male,6.2,1,12,2,13,3,0,3,1
ECE,Male,9.32,0,37,1,33,3,0,3,1
CSE,Male,7.73,0,39,1,0,2,0,4,1
EEE,Male,7.1,0,28,1,21,1,0,3,0
Civil,Male,10.0,0,15,2,7,1,0,3,0
EEE,Male,8.22,0,39,2,11,3,1,3,0
Mechanical,Male,8.51,0,17,1,40,2,0,3,1
ISE,Male,6.17,1,71,2,321,1,0,2,0
EEE,Male,6.44,1,28,2,3,0,0,2,0
CSE,Male,6.71,0,65,2,54,0,1,3,0
CSE,Female,6.76,0,60,1,23,1,0,3,0
CSE,Female,8.08,0,40,1,156,1,1,3,1
ECE,Female,7.51,1,20,0,3,2,0,3,1
EEE,Male,9.11,0,27,1,96,2,1,3,0
CSE,Male,6.68,1,28,2,85,2,0,3,0
ISE,Male,8.41,0,28,2,24,1,1,4,1
Civil,Male,10.0,0,31,0,17,3,0,4,1
AIML,Female,6.3,0,93,4,50,0,1,3,1
ISE,Male,9.49,0,78,4,157,2,0,4,1
EEE,Male,7.98,0,26,2,0,3,0,2,1
ECE,Male,5.52,0,61,1,33,2,1,4,1
CSE,Male,6.86,0,54,2,69,0,1,3,0
AIML,Female,9.13,0,82,3,64,4,1,4,0
ISE,Male,9.89,0,0,2,67,1,0,4,0
CSE,Male,5.81,0,61,5,40,1,0,4,0
ETE,Male,6.91,0,42,1,9,3,1,3,0
AIML,Female,7.75,0,24,4,0,2,1,3,0
Mechanical,Male,6.66,0,40,1,0,2,1,3,0
EEE,Male,7.48,0,15,0,11,2,0,4,0
ISE,Female,8.75,0,82,0,95,1,1,4,1
ISE,Male,6.83,0,12,3,14,4,0,5,0
EEE,Female,9.6,0,15,1,17,1,0,3,1
CSE,Male,6.94,0,52,4,3,2,0,4,0
ISE,Male,8.52,0,14,5,44,1,1,3,0
ECE,Female,6.19,0,40,1,74,1,0,1,0
EEE,Female,8.8,0,31,0,7,2,1,4,1
ISE,Male,6.57,0,82,2,23,1,0,2,0
AIML,Male,4.45,2,61,3,115,2,0,3,0
ISE,Female,6.17,0,46,5,20,2,0,2,0
AIML,Male,6.73,0,68,4,38,2,1,3,0
CSE,Male,7.58,0,47,3,229,1,1,3,1
ECE,Male,9.71,0,23,1,65,1,1,4,0
ISE,Female,5.11,2,58,3,86,1,0,4,0
CSE,Female,9.29,0,56,2,41,1,1,3,1
CSE,Male,7.13,1,53,3,86,1,1,4,0
ECE,Female,7.58,0,34,1,6,1,1,1,1
ISE,Male,8.04,0,42,0,44,1,0,4,0
AIML,Female,7.72,0,63,3,257,2,1,5,1
EEE,Male,9.58,0,30,2,47,3,0,3,1
ISE,Male,8.25,0,100,4,209,1,1,3,1
ECE,Male,7.1,0,41,1,0,0,0,4,0
AIML,Female,7.12,1,92,2,47,0,1,1,0
ISE,Male,6.34,0,77,1,119,0,0,3,0
ETE,Female,7.15,0,28,0,6,1,0,4,0
AIML,Male,7.63,0,18,1,43,3,1,2,0
AIML,Male,6.76,0,79,3,63,1,0,5,0
Mechanical,Female,7.16,1,3,2,27,0,0,4,0
ECE,Male,8.79,0,15,2,2,2,0,4,0
ISE,Female,5.77,0,93,4,112,1,0,4,0
AIML,Male,6.26,0,84,3,298,1,0,4,0
Mechanical,Female,7.89,0,35,3,2,1,1,3,1
AIML,Female,7.46,0,50,3,141,1,0,3,0
EEE,Female,7.66,1,50,1,1,3,0,3,0
ECE,Female,8.01,0,4,2,41,3,0,3,0
Civil,Female,8.14,0,16,0,0,1,0,1,0
ISE,Male,6.16,1,44,2,61,0,0,2,0
AIML,Male,6.27,1,53,2,59,1,1,3,0
ECE,Female,6.32,2,44,1,35,2,0,4,0
ISE,Male,6.11,0,70,3,15,0,0,3,0
CSE,Female,6.04,0,78,2,78,0,0,4,1
ECE,Female,5.72,1,49,0,26,1,1,5,0
Mechanical,Male,6.55,0,0,3,4,3,1,5,0
ISE,Male,6.79,0,42,4,183,2,0,2,1
ECE,Male,7.05,0,24,2,12,1,0,5,1
EEE,Female,8.1,0,31,1,1,2,0,2,0
EEE,Male,8.31,0,52,1,25,1,0,3,0
Civil,Female,7.11,1,18,0,89,3,0,5,0
Mechanical,Male,9.63,0,16,0,17,0,0,3,0
ISE,Male,7.93,0,54,4,105,2,1,4,1
EEE,Female,8.62,0,34,2,15,1,0,4,0
ECE,Female,6.16,0,26,0,9,1,1,4,1
ISE,Male,5.83,0,58,4,130,0,0,3,0
EEE,Male,6.43,0,52,1,13,1,0,3,1
AIML,Male,7.35,1,47,4,54,1,1,4,1
Mechanical,Male,7.68,0,32,1,11,0,0,4,0
ISE,Male,5.9,1,47,1,87,1,0,5,1
ECE,Male,7.48,0,0,0,9,2,1,3,0
ISE,Male,6.61,0,41,3,66,3,0,4,0
EEE,Male,8.49,0,17,1,24,2,0,4,1
CSE,Male,7.92,0,57,3,31,1,0,3,0
EEE,Male,6.0,0,14,2,68,1,0,4,0
EEE,Male,7.46,1,55,2,4,2,1,3,1
CSE,Male,8.1,0,14,4,23,1,1,3,1
ISE,Male,8.33,0,70,3,106,0,1,4,1
CSE,Male,7.69,0,43,3,109,2,1,1,1
ETE,Male,5.84,1,43,2,7,0,1,3,1
ECE,Female,6.33,0,16,3,4,2,1,2,0
Civil,Female,7.89,1,11,3,3,2,0,2,0
AIML,Male,7.4,0,55,3,36,1,1,5,1
AIML,Male,7.21,0,25,2,58,0,0,3,0
Civil,Male,8.05,0,27,1,2,2,0,4,0
ETE,Female,6.0,2,31,1,30,3,1,3,0
ECE,Male,8.78,0,40,1,13,2,0,3,0
ETE,Male,8.19,0,16,3,95,1,1,2,1
Mechanical,Male,7.33,0,69,3,1,2,1,3,1
EEE,Male,7.43,0,27,3,32,2,0,3,1
Mechanical,Male,7.37,0,2,1,18,0,0,3,0
EEE,Male,4.83,3,44,0,22,3,1,2,0
AIML,Male,7.92,0,72,1,101,2,1,1,1
ECE,Male,8.18,0,31,2,0,0,0,3,0
CSE,Male,8.04,0,53,2,2,1,0,4,0
ETE,Male,7.06,2,16,2,44,2,0,3,1
ISE,Male,9.6,0,48,3,223,0,0,4,1
ISE,Male,7.3,0,19,3,89,1,0,2,1
AIML,Female,5.81,1,69,3,52,1,0,3,0
CSE,Female,7.09,0,41,2,141,3,1,3,0
ISE,Female,7.4,0,76,2,2,2,1,3,1
Mechanical,Male,7.04,0,38,1,8,0,1,3,0
CSE,Male,8.13,0,70,3,210,1,1,1,1
ISE,Male,6.3,0,43,4,0,2,0,5,0
ETE,Female,5.69,3,49,1,16,0,1,2,0
EEE,Female,5.6,0,38,2,84,2,0,5,0
EEE,Male,8.99,0,25,1,5,0,0,3,1
ETE,Female,7.23,1,54,3,32,2,0,5,0
ISE,Male,8.82,0,96,2,2,2,1,3,0
ISE,Male,6.72,1,33,4,38,2,1,3,1
Civil,Male,6.01,0,40,2,7,0,0,1,0
ECE,Male,6.24,2,33,0,5,3,1,2,0
ECE,Female,9.17,1,43,1,19,1,0,1,1
ETE,Male,6.62,0,30,3,10,2,1,4,0
Mechanical,Male,6.85,0,36,0,31,1,0,3,0
Mechanical,Male,6.58,0,65,3,2,1,0,3,0
EEE,Male,5.25,0,31,0,28,1,1,4,0
ECE,Male,8.98,0,10,2,41,0,0,4,1
CSE,Female,8.34,0,70,2,58,0,1,3,1
ISE,Female,7.47,0,56,1,67,3,1,4,1
EEE,Male,8.6,1,43,1,0,1,1,4,1
ISE,Male,8.24,0,46,3,69,2,1,4,1
EEE,Male,4.82,0,25,3,3,2,1,1,0
ISE,Male,7.99,0,52,3,55,3,0,4,0
ETE,Female,4.32,0,19,1,9,1,1,2,0
ECE,Male,6.66,0,45,1,9,3,1,2,1
ECE,Male,5.98,1,35,0,7,2,0,5,0
ECE,Male,6.96,2,32,1,25,3,0,5,0
Civil,Male,7.54,0,57,1,24,0,0,3,0
CSE,Male,6.61,0,25,2,164,2,0,2,0
CSE,Female,6.59,0,24,4,10,2,0,4,0
ECE,Male,7.25,0,41,2,23,0,1,3,1
AIML,Male,7.52,1,39,4,252,3,0,3,0
ECE,Male,5.25,3,49,2,12,4,0,2,0
Mechanical,Female,8.02,0,44,3,44,0,0,5,0
Mechanical,Female,9.72,0,38,0,27,1,1,3,1
CSE,Male,6.72,2,46,1,25,2,1,2,0
AIML,Male,7.56,1,52,3,6,1,1,2,0
ETE,Male,7.85,0,36,2,2,2,0,2,0
ECE,Female,5.53,1,16,1,8,2,1,4,0
ISE,Female,9.14,0,35,5,104,3,1,5,0
ECE,Male,7.02,0,29,2,14,4,1,2,1
ECE,Male,7.34,0,51,3,32,0,1,3,1
CSE,Male,5.66,1,40,3,22,0,1,1,0
ETE,Male,6.56,0,24,1,15,2,0,1,1
CSE,Female,8.43,0,42,2,57,2,0,2,0
ISE,Male,7.09,0,99,3,107,2,1,4,0
ECE,Male,7.75,0,52,3,0,2,1,5,1
EEE,Male,6.43,1,26,1,2,2,1,4,0
ECE,Female,6.71,0,41,1,10,2,0,4,0
CSE,Female,7.01,0,50,3,151,1,1,3,0
Mechanical,Male,8.07,0,26,3,46,0,1,3,0
ECE,Male,4.81,0,34,3,32,0,1,4,1
ISE,Female,7.72,0,91,1,51,0,0,4,0
ECE,Male,8.25,0,35,3,15,2,0,3,1
EEE,Female,6.64,0,14,2,46,3,1,4,0
ISE,Male,9.16,0,62,2,36,3,1,4,0
ISE,Male,7.13,1,74,2,6,3,1,5,0
Civil,Female,7.48,0,47,3,11,1,0,3,0
CSE,Female,9.74,0,28,0,22,2,0,5,1
ISE,Male,7.54,0,73,2,51,3,0,4,1
ISE,Male,8.18,0,36,5,17,3,1,5,1
AIML,Male,6.92,0,28,5,8,2,1,3,0
CSE,Male,7.52,1,52,5,3,1,0,1,1
ETE,Male,8.41,0,30,1,9,1,0,4,1
Mechanical,Female,5.29,0,49,2,13,1,0,2,0
ISE,Male,9.86,0,28,4,47,0,1,4,1
ETE,Male,5.9,2,37,1,24,0,0,4,0
AIML,Male,5.06,1,76,3,51,2,0,3,1
CSE,Male,8.14,0,68,5,55,3,1,4,1
ISE,Male,6.09,2,80,2,136,0,0,3,0
ISE,Female,6.88,1,40,1,228,4,0,3,0
AIML,Male,8.72,0,69,4,97,2,1,4,1
ECE,Male,7.67,0,18,0,51,3,0,3,1
ECE,Male,7.83,0,30,3,21,1,1,3,0
ISE,Male,7.52,1,76,4,4,1,1,4,0
ISE,Male,6.34,2,63,3,238,1,0,3,1
Civil,Male,7.39,0,54,0,19,2,0,5,1
ECE,Male,6.36,0,26,2,14,2,0,3,0
CSE,Female,8.73,0,23,1,19,0,1,3,0
AIML,Female,5.49,1,90,2,147,1,0,4,1
Mechanical,Female,10.0,0,28,2,18,1,0,4,1
Mechanical,Male,8.43,0,33,1,4,2,0,2,0
CSE,Male,7.26,0,51,2,30,1,1,2,0
ISE,Female,7.81,0,42,1,166,3,1,4,1
Mechanical,Male,5.06,0,73,3,3,0,0,4,1
ECE,Female,8.14,0,12,1,55,2,0,3,0
EEE,Female,5.56,0,15,0,0,3,1,4,0
Mechanical,Male,6.79,1,43,2,5,2,0,2,0
ISE,Male,7.38,1,64,3,35,1,1,5,1
Mechanical,Female,7.81,0,33,3,24,0,1,3,1
EEE,Male,8.73,0,28,1,0,1,1,4,0
ETE,Male,9.29,0,39,2,9,2,0,3,1
CSE,Male,7.65,1,37,5,34,2,1,2,0
AIML,Male,7.53,0,61,1,4,1,1,3,1
Mechanical,Male,7.12,0,27,1,6,0,1,5,1
ECE,Male,6.3,3,52,2,11,2,1,4,1
ISE,Male,8.57,0,33,3,363,1,1,4,1
AIML,Male,7.4,0,84,3,82,1,0,3,0
Mechanical,Female,9.15,0,32,2,4,1,1,1,0
Mechanical,Male,8.59,0,27,1,7,2,0,2,1
Mechanical,Female,6.76,0,60,3,38,0,1,3,1
Mechanical,Male,8.71,0,47,1,36,2,0,3,1
ISE,Male,7.43,0,56,4,64,2,1,4,1
AIML,Female,7.66,0,81,5,7,2,0,4,0
CSE,Male,6.07,0,61,4,31,1,1,3,1
ETE,Female,6.35,0,40,1,3,2,1,1,0
ISE,Male,6.27,1,92,1,41,2,1,3,0
AIML,Female,6.69,1,21,3,9,2,0,3,0
Mechanical,Male,6.08,3,18,1,11,0,1,3,0
ECE,Female,9.29,0,36,3,7,3,0,3,0
ISE,Male,8.25,0,24,3,180,2,0,5,1
CSE,Male,6.03,0,58,2,26,2,1,4,1
ISE,Female,6.31,2,15,3,30,2,1,1,1
ECE,Male,5.86,1,39,1,15,0,0,2,0
CSE,Female,4.0,4,70,4,120,2,0,3,0
ETE,Male,7.03,0,35,0,36,0,1,2,0
AIML,Male,5.02,0,67,4,41,1,0,3,0
ECE,Female,7.51,0,26,0,6,2,1,2,1
Civil,Female,8.91,0,37,2,9,1,1,3,0
ISE,Female,6.83,1,82,2,109,1,0,2,0
AIML,Male,5.85,1,74,0,136,4,0,1,1
ETE,Male,6.38,2,42,2,7,1,0,3,0
ECE,Female,5.67,1,35,2,10,0,0,2,0
ECE,Male,6.97,1,39,2,24,1,1,3,0
ECE,Male,5.54,1,28,3,12,2,0,3,0
Mechanical,Female,7.68,0,2,1,13,2,1,3,1
Mechanical,Male,6.88,0,31,3,2,1,0,5,0
ISE,Male,5.42,1,78,0,11,2,0,4,1
ISE,Female,9.3,0,43,3,103,1,1,4,1
EEE,Male,6.8,0,12,1,28,1,1,3,1
AIML,Male,6.42,0,56,2,500,1,1,4,1
EEE,Female,5.68,0,11,2,38,1,1,4,1
CSE,Female,7.73,0,71,2,5,2,1,2,0
EEE,Female,8.47,0,25,2,18,2,1,2,0
ECE,Male,7.59,1,0,2,61,0,1,4,0
ETE,Male,7.49,0,34,2,10,1,1,3,0
ISE,Male,6.07,2,54,2,46,0,0,4,0
ETE,Female,8.39,0,38,1,44,2,1,4,1
CSE,Female,6.84,1,94,2,27,3,1,3,1
ISE,Female,8.53,0,47,4,37,2,1,2,1
ECE,Female,6.32,4,20,0,30,1,0,5,0
EEE,Male,7.09,0,54,1,52,3,1,4,1
ECE,Male,6.79,0,64,3,34,1,1,3,1
ECE,Male,8.46,0,2,1,44,2,1,5,1
ISE,Female,7.95,0,68,3,143,2,0,3,1
ISE,Female,8.33,0,24,2,14,1,1,3,0
ECE,Male,6.13,1,47,1,16,2,1,3,0
ECE,Female,7.18,0,13,1,3,2,1,5,1
EEE,Female,7.62,0,19,1,10,0,1,3,1
CSE,Female,10.0,0,49,2,17,2,0,2,0
ISE,Male,4.02,2,29,3,82,2,0,3,0
ISE,Female,6.69,0,62,0,22,0,0,4,0
ISE,Male,8.86,0,55,4,56,2,0,3,1
ECE,Male,6.29,4,19,1,2,1,1,4,0
EEE,Female,8.27,0,48,3,17,1,1,4,1
Civil,Male,8.49,0,28,1,2,1,0,3,0
Civil,Female,7.61,0,21,0,2,3,1,2,1
ISE,Male,5.47,2,62,2,204,2,0,4,0
ISE,Male,7.13,1,43,3,201,1,0,3,0
CSE,Male,7.24,1,51,3,321,0,1,4,1
Civil,Male,7.66,0,53,2,8,2,1,5,1
Mechanical,Female,6.73,0,34,0,19,2,1,3,1
ETE,Female,9.49,0,14,1,4,0,0,4,1
ISE,Male,4.72,1,79,1,10,1,0,3,1
Mechanical,Female,9.22,0,19,2,12,1,0,5,0
ISE,Female,7.96,1,45,2,8,4,0,4,1
CSE,Male,8.13,0,33,1,14,1,0,4,0
CSE,Male,7.87,1,46,4,32,1,1,4,0
CSE,Male,8.26,0,65,3,246,1,1,5,0
ISE,Male,4.83,3,95,1,23,2,0,3,0
ETE,Male,7.01,1,46,1,6,0,0,3,1
ECE,Male,6.24,2,21,3,2,0,1,1,0
CSE,Female,7.65,0,51,3,6,1,1,3,0
ECE,Female,7.66,2,29,1,43,2,0,4,1
Mechanical,Male,7.01,0,19,3,73,1,0,4,0
ECE,Male,4.65,2,30,2,41,1,0,4,0
ISE,Male,8.4,0,46,3,8,1,1,4,1
ISE,Male,8.69,0,69,3,133,1,0,3,0
AIML,Male,7.9,0,58,2,302,3,1,3,1
CSE,Female,8.38,0,50,3,1,2,1,4,1
ISE,Male,8.24,0,26,3,63,1,0,2,0
ETE,Male,7.41,0,27,2,10,1,1,4,1
Mechanical,Female,6.45,0,4,0,25,1,1,5,1
ECE,Female,8.01,0,41,1,18,4,0,5,1
Civil,Female,9.94,0,18,1,2,0,0,4,0
CSE,Female,7.76,0,57,1,51,2,0,1,1
ISE,Male,5.84,1,54,3,27,0,0,3,1
ECE,Male,5.36,0,34,2,39,2,0,3,0
Mechanical,Male,7.01,0,30,1,2,1,1,3,1
CSE,Female,8.23,0,85,2,71,1,1,3,1
ECE,Female,6.6,0,17,1,31,0,1,2,1
Mechanical,Male,5.73,1,19,2,95,4,1,3,0
AIML,Male,6.54,0,50,1,53,2,0,3,1
EEE,Male,7.52,0,30,1,12,3,1,4,1
Civil,Male,7.01,2,26,2,30,2,0,4,0
ISE,Male,8.77,1,57,2,115,0,1,3,1
ECE,Male,6.0,0,48,2,18,2,0,3,0
ISE,Male,8.39,0,39,2,6,0,1,3,0
ECE,Male,7.17,0,44,0,9,3,0,3,0
Mechanical,Male,7.9,0,30,2,19,2,0,3,0
ISE,Male,7.12,2,63,1,70,1,1,4,1
Mechanical,Male,7.32,1,30,3,8,0,0,3,0
CSE,Female,5.81,1,29,2,133,0,1,2,1
ETE,Female,6.22,1,12,1,33,2,0,3,0
ISE,Male,7.36,0,44,4,35,1,1,2,1
ECE,Male,7.44,0,34,2,14,3,0,3,0
ECE,Male,7.98,0,18,3,6,2,1,4,0
Mechanical,Male,5.87,1,34,1,27,1,0,3,0
CSE,Male,6.88,2,62,1,8,0,0,4,0
Civil,Male,7.06,0,12,2,12,2,0,4,0
CSE,Female,5.29,4,62,2,32,0,0,4,0
Mechanical,Male,7.34,0,30,1,41,2,0,4,1
CSE,Male,4.22,0,34,1,114,4,1,3,1
ISE,Male,9.8,0,76,3,27,1,1,3,1
ECE,Male,6.72,0,37,2,4,1,0,3,0
Mechanical,Male,6.17,0,24,3,21,1,1,4,0
CSE,Male,5.76,4,84,3,250,1,1,3,0
CSE,Male,6.82,0,82,5,44,2,0,4,0
ECE,Male,6.99,0,30,2,4,0,1,2,1
CSE,Male,8.7,0,73,1,6,1,1,3,1
CSE,Male,8.52,0,82,2,11,1,1,4,1
AIML,Male,7.46,1,74,2,90,3,1,4,0
CSE,Male,7.13,0,55,3,33,0,1,3,1
Mechanical,Female,8.03,0,38,1,4,2,1,4,0
ETE,Male,6.29,0,28,2,11,2,0,3,0
ECE,Male,6.96,0,49,3,40,3,0,1,1
ISE,Female,6.42,0,59,1,79,2,1,5,1
ISE,Male,8.03,0,50,3,53,0,0,3,0
ISE,Female,6.77,0,80,2,90,2,1,3,1
CSE,Male,7.83,0,59,1,26,1,0,3,0
CSE,Male,6.4,1,71,3,85,1,0,4,0
ISE,Male,6.48,0,57,3,27,2,1,3,0
AIML,Male,7.33,1,25,3,15,2,1,3,0
EEE,Female,8.12,0,52,2,54,0,0,3,0
AIML,Male,7.03,1,58,2,31,0,0,4,0
CSE,Male,7.35,0,50,1,65,0,1,5,0
Civil,Female,7.51,0,48,1,7,2,0,3,0
ISE,Male,7.37,0,59,3,53,0,1,3,1
AIML,Male,6.85,0,53,1,4,2,1,3,0
ISE,Male,7.63,0,34,3,114,1,1,5,1
ECE,Female,5.79,0,36,1,10,0,1,4,0
AIML,Female,6.72,0,43,3,2,4,0,3,1
CSE,Female,7.08,2,65,4,52,2,1,3,1
AIML,Male,7.73,0,63,2,52,2,0,3,1
CSE,Male,7.35,2,51,2,57,0,1,2,0
Civil,Male,6.17,0,25,1,9,1,0,4,0
ECE,Male,8.03,0,23,1,3,1,0,5,0
CSE,Male,6.65,1,26,3,32,1,1,4,0
ISE,Male,7.23,0,66,3,120,1,0,3,0
AIML,Female,6.41,4,50,2,78,2,0,3,0
Mechanical,Male,5.98,0,29,1,7,3,1,4,0
CSE,Female,6.2,1,49,4,174,0,1,3,1
Mechanical,Female,8.95,0,58,2,44,2,1,5,1
Mechanical,Male,9.02,0,7,2,40,1,0,5,1
ECE,Male,9.93,0,35,1,34,1,0,4,0
EEE,Male,6.56,0,17,2,0,2,0,3,0
ISE,Female,7.07,1,38,3,27,1,1,5,0
ISE,Female,6.63,0,65,2,44,2,1,3,1
Civil,Female,6.82,0,32,1,26,0,0,2,0
ISE,Female,6.68,1,54,3,6,0,0,5,0
Mechanical,Male,7.52,0,10,2,3,3,1,4,1
ECE,Female,8.45,1,33,2,15,0,0,3,1
ISE,Male,5.94,0,17,0,89,1,0,4,0
ECE,Male,9.47,0,15,2,79,1,1,3,0
EEE,Male,5.29,0,39,2,6,2,0,2,0
ECE,Male,8.56,0,60,2,10,3,0,3,0
ETE,Female,8.39,0,36,1,3,1,1,3,1
ISE,Female,6.21,0,87,2,14,0,1,5,1
CSE,Male,5.49,0,51,2,119,2,1,3,0
Civil,Male,7.37,0,7,1,17,1,0,3,0
ISE,Female,6.07,0,57,1,66,2,0,4,1
ETE,Male,6.27,0,26,2,57,2,1,4,1
CSE,Male,5.71,0,40,1,10,3,0,3,0
EEE,Male,6.8,0,27,1,16,2,0,3,0
Mechanical,Male,8.27,0,42,1,12,0,0,2,1
EEE,Female,6.69,0,45,2,16,2,1,3,1
CSE,Male,10.0,0,64,3,198,2,1,2,0
ETE,Male,7.15,0,22,2,36,1,0,5,0
Mechanical,Male,6.63,0,8,0,6,0,0,4,1
ETE,Female,8.13,1,14,3,5,0,0,4,0
ETE,Male,7.55,0,11,2,11,1,0,3,1
CSE,Male,6.22,1,78,3,69,3,0,4,0
Mechanical,Male,6.04,1,22,2,7,1,1,3,0
AIML,Male,5.59,1,67,5,168,1,0,3,0
CSE,Male,6.17,0,80,3,19,1,1,4,0
EEE,Female,7.23,0,41,1,4,2,0,2,1
ECE,Female,9.4,0,40,2,11,2,0,3,1
ISE,Female,6.52,0,36,4,43,2,1,3,1
ECE,Female,7.1,0,27,2,11,1,0,3,0
Mechanical,Male,7.63,0,43,2,0,4,1,3,1
ECE,Male,5.43,1,14,1,37,2,0,4,0
CSE,Male,9.96,0,26,5,80,2,0,2,0
ECE,Male,8.27,0,6,2,3,0,0,3,0
CSE,Male,5.89,0,100,0,354,2,0,3,1
ISE,Male,7.07,1,57,1,19,0,0,5,0
CSE,Female,7.6,1,65,2,144,2,1,4,1
AIML,Male,6.33,3,48,2,58,1,1,3,0
Mechanical,Male,8.86,0,19,2,5,3,0,3,0
CSE,Female,8.27,0,59,2,143,0,0,5,1
Civil,Male,8.76,0,19,2,15,2,0,3,1
EEE,Male,6.77,0,0,0,23,1,1,4,1
ETE,Male,9.56,0,35,1,38,0,0,3,0
ECE,Female,6.91,0,18,1,21,0,0,2,0
EEE,Female,8.34,0,4,3,27,2,0,3,0
Civil,Male,6.47,0,6,0,38,2,1,4,1
EEE,Male,6.98,0,41,1,12,1,0,4,0
ISE,Male,6.92,0,61,3,64,3,0,3,0
Mechanical,Male,6.69,0,49,2,1,1,0,3,0
EEE,Male,5.44,1,24,3,38,0,0,5,0
EEE,Female,6.97,2,0,2,3,0,0,4,0
CSE,Female,6.28,1,39,4,169,1,0,3,1
CSE,Female,6.58,0,44,2,1,0,0,4,1
ECE,Male,6.81,0,40,1,27,0,0,1,1
ECE,Male,7.59,0,46,1,13,0,1,5,1
CSE,Male,8.71,0,80,3,47,2,1,3,1
ETE,Male,8.68,0,53,2,14,2,0,3,1
EEE,Male,7.11,0,33,1,1,2,0,4,0
ECE,Female,5.11,3,23,3,3,0,0,3,0
EEE,Male,7.06,0,44,3,37,2,0,4,1
EEE,Female,8.32,0,20,0,28,0,1,2,0
ISE,Male,8.4,0,72,2,9,2,0,5,0
ECE,Male,6.75,0,34,1,16,2,0,2,0
AIML,Male,6.58,0,65,2,30,3,1,4,1
Mechanical,Female,6.74,0,26,2,1,1,1,4,0
ISE,Male,6.07,0,38,1,68,1,1,2,0
CSE,Male,7.14,0,84,3,113,0,1,4,0
Mechanical,Female,7.03,0,39,2,23,4,0,3,1
ISE,Male,6.62,0,59,3,23,1,1,4,0
Mechanical,Female,8.2,0,32,3,0,3,0,4,1
ECE,Male,6.39,2,24,0,7,0,0,3,0
ECE,Female,7.12,0,28,3,10,2,0,3,1
CSE,Male,5.97,1,49,5,40,2,1,4,0
AIML,Male,5.04,0,56,2,11,2,0,3,1
CSE,Male,8.02,0,47,4,59,1,1,3,1
Mechanical,Female,8.48,0,39,2,12,2,0,4,0
ECE,Male,4.62,1,33,3,13,1,1,2,1
Mechanical,Female,8.51,0,41,1,53,2,1,3,1
Civil,Male,8.1,0,21,2,14,1,1,1,0
ISE,Female,7.49,1,33,2,109,2,1,5,0
CSE,Male,6.49,1,46,1,3,0,1,3,0
Mechanical,Male,7.26,0,33,2,28,1,1,2,1
CSE,Male,7.45,0,52,2,60,3,1,4,0
AIML,Female,6.65,0,59,3,34,1,0,5,1
AIML,Female,7.35,0,86,3,115,3,1,2,1
ISE,Male,6.92,1,51,2,26,3,0,1,0
CSE,Male,7.4,0,40,2,158,1,1,3,1
AIML,Male,7.5,0,41,3,198,1,1,3,0
Mechanical,Female,8.19,0,18,1,57,0,1,2,0
ISE,Male,7.7,0,27,3,1,0,0,3,0
Mechanical,Male,8.97,0,36,1,14,0,0,2,0
CSE,Male,6.49,0,50,4,1,2,0,4,0
ISE,Female,8.79,0,54,5,117,3,1,3,0
Mechanical,Female,8.45,0,20,2,3,1,1,2,0
EEE,Male,8.01,0,1,2,71,1,0,3,0
ISE,Male,7.9,0,56,2,277,2,1,3,0
AIML,Female,8.47,0,72,2,122,1,1,3,0
CSE,Female,5.73,1,63,2,31,1,0,5,1
ETE,Male,5.61,1,50,2,23,0,1,3,1
ECE,Male,9.42,0,25,1,1,2,0,3,0
EEE,Male,9.92,0,32,1,3,0,1,4,1
CSE,Female,8.43,0,61,1,7,2,0,3,0
ISE,Female,6.64,1,34,0,89,2,1,4,0
EEE,Male,6.71,0,26,3,8,2,0,3,0
ISE,Male,6.4,1,52,4,8,0,0,4,0
EEE,Male,7.53,1,36,2,20,1,1,5,1
CSE,Female,7.97,0,47,1,6,0,0,3,0
Civil,Male,10.0,0,62,2,0,0,0,2,0
ISE,Female,7.09,0,58,1,131,3,1,3,0
CSE,Male,6.66,2,85,1,154,1,1,4,0
ISE,Female,8.68,0,49,4,104,1,1,2,0
ISE,Male,5.73,0,49,1,18,0,0,4,0
Mechanical,Male,8.51,0,48,2,1,3,1,3,0
CSE,Male,8.05,0,66,3,97,0,1,2,1
ECE,Female,6.83,0,24,1,5,1,1,3,0
AIML,Male,7.26,0,51,5,174,1,1,3,1
CSE,Male,6.84,0,46,5,69,4,0,3,1
CSE,Male,5.66,0,48,1,48,1,0,2,0
Civil,Male,8.29,0,36,1,90,2,1,4,0
AIML,Female,8.17,0,55,4,89,1,0,5,0
ISE,Male,7.62,1,61,3,36,1,0,4,1
ETE,Male,8.15,0,30,2,1,0,0,2,0
EEE,Male,7.33,1,23,1,16,2,1,3,0
ETE,Female,7.61,0,31,3,15,2,0,3,0
AIML,Male,6.17,4,56,4,1,3,1,3,0
ECE,Female,5.67,1,12,0,35,1,0,4,0
EEE,Female,7.77,0,29,1,4,0,1,4,0
AIML,Male,5.66,3,33,3,19,3,1,2,0
ECE,Male,6.2,0,19,2,0,1,0,3,1
Mechanical,Male,8.18,0,24,1,1,2,0,4,0
ISE,Male,7.68,0,59,3,2,1,1,3,0
ETE,Female,6.72,0,33,1,3,1,0,5,0
AIML,Female,6.88,0,61,2,40,1,1,3,1
Civil,Male,9.06,0,28,2,5,3,0,3,0
CSE,Male,5.02,1,34,3,66,2,0,2,0
Mechanical,Male,7.15,0,0,2,0,2,0,3,0
ECE,Male,6.64,0,51,3,15,3,0,3,0
EEE,Male,7.08,0,7,1,10,2,0,5,1
EEE,Male,7.47,0,49,2,54,4,0,5,1
ISE,Male,8.28,0,39,3,79,1,1,3,0
ETE,Female,8.41,0,31,1,30,1,1,3,1
Mechanical,Male,4.71,0,33,2,2,3,1,2,0
ETE,Male,6.44,1,6,2,15,2,1,4,0
ISE,Female,8.59,0,63,2,62,1,1,3,0
ETE,Female,7.72,0,37,2,2,1,0,3,0
ECE,Male,6.56,0,37,1,28,1,1,3,1
AIML,Male,6.56,0,64,3,246,1,1,2,0
ETE,Male,6.3,0,23,1,20,4,0,3,0
Mechanical,Male,5.24,0,67,0,10,0,0,3,0
CSE,Female,8.57,0,23,2,23,3,1,3,1
Civil,Female,7.77,0,16,0,1,3,1,3,0
EEE,Female,6.04,1,27,1,16,0,1,3,1
EEE,Male,8.99,0,25,2,25,0,0,4,1
ECE,Female,6.49,4,0,1,1,3,1,3,0
Mechanical,Female,8.58,0,29,3,42,2,0,4,0
EEE,Male,7.1,0,41,2,22,1,1,3,1
ECE,Female,7.32,0,18,2,22,4,0,3,0
ISE,Male,4.96,0,15,0,59,1,0,3,0
ECE,Male,9.54,0,31,2,12,1,1,3,0
ECE,Male,6.4,0,38,1,8,1,0,4,0
ECE,Female,5.21,2,53,2,27,0,0,4,0
AIML,Male,6.61,0,70,1,93,2,0,4,1
CSE,Male,6.77,0,28,3,119,2,0,5,0
CSE,Female,7.62,0,28,2,176,1,0,5,0
AIML,Male,5.73,0,57,2,11,0,0,3,0
Mechanical,Male,6.58,0,30,1,15,2,1,3,1
AIML,Male,7.31,0,89,4,203,1,1,3,0
ECE,Male,5.96,1,27,2,8,0,1,4,0
ECE,Female,5.48,0,28,1,2,4,0,3,0
ISE,Male,7.69,0,44,3,100,3,1,4,1
EEE,Female,8.79,0,21,1,10,2,1,3,1
CSE,Male,9.21,0,99,3,108,1,1,5,1
AIML,Male,7.97,0,69,4,224,2,0,3,0
ETE,Male,7.36,0,25,1,27,2,0,2,1
ISE,Male,5.47,0,55,1,332,1,1,4,1
AIML,Male,5.86,2,73,1,118,0,1,3,0
ECE,Male,7.76,0,32,3,18,2,0,3,0
ECE,Male,8.83,0,43,0,11,1,0,4,0
CSE,Female,9.21,0,51,3,21,1,0,2,1
ISE,Male,5.99,3,61,4,20,2,0,5,0
CSE,Male,6.98,0,40,2,38,0,0,2,0
CSE,Male,5.79,1,41,2,40,2,0,3,0
ETE,Male,6.37,0,29,2,40,3,0,3,0
CSE,Female,7.7,0,60,2,140,2,1,2,1
EEE,Male,10.0,0,34,1,20,1,1,3,1
Civil,Female,6.07,2,16,2,79,2,0,4,0
AIML,Female,8.14,1,64,2,56,2,0,4,1
ISE,Male,4.15,1,84,2,13,0,0,3,0
CSE,Male,6.2,4,76,3,31,1,0,2,0
CSE,Female,6.85,0,55,2,57,1,0,5,1
ISE,Male,6.4,2,27,4,18,1,1,3,0
CSE,Male,8.77,0,46,1,7,3,1,4,1
EEE,Male,6.57,1,8,3,98,3,0,1,0
ISE,Female,8.07,0,59,1,48,1,1,3,1
Civil,Male,7.93,0,29,1,33,1,1,3,1
EEE,Male,8.04,0,49,2,3,2,1,4,0
EEE,Male,5.52,0,44,2,5,0,0,4,0
AIML,Male,4.13,1,47,2,265,3,1,5,0
EEE,Female,7.99,0,34,3,8,2,1,4,1
AIML,Female,7.88,0,29,5,52,1,1,4,1
ETE,Female,7.62,0,24,1,28,2,1,4,1
Mechanical,Male,9.64,0,41,3,13,0,1,3,0
EEE,Female,6.23,2,29,1,6,0,1,4,0
EEE,Male,9.86,0,27,1,28,2,1,3,1
Mechanical,Male,7.02,0,46,1,4,2,1,3,1
ETE,Female,8.16,0,38,3,7,0,1,5,0
ISE,Male,8.33,0,53,4,27,2,1,3,1
Mechanical,Male,8.4,0,52,2,4,3,0,4,1
ISE,Male,7.64,1,87,2,94,2,0,3,0
ECE,Male,5.95,2,40,3,16,2,0,4,0
ETE,Female,9.07,0,39,0,31,0,1,1,0
CSE,Male,6.0,0,100,2,29,1,0,3,1
Civil,Male,7.07,1,9,0,22,1,0,4,0
ISE,Female,8.14,0,60,3,144,0,1,4,1
EEE,Male,7.6,2,55,1,18,1,1,4,0
Mechanical,Female,6.93,0,20,1,4,2,0,3,0
ECE,Male,7.26,0,31,3,21,2,1,3,1
CSE,Male,7.57,0,59,2,7,0,1,3,0
CSE,Female,8.41,0,47,1,127,2,1,3,1
ETE,Female,6.9,1,23,1,21,1,0,3,0
CSE,Female,8.18,0,78,2,1,2,1,3,1
CSE,Male,7.27,0,72,3,19,1,0,3,1
CSE,Male,7.43,1,75,1,14,2,1,4,0
AIML,Female,5.64,1,45,1,27,1,0,2,1
ETE,Male,8.37,0,49,1,2,2,1,3,1
Civil,Male,6.43,0,42,2,23,2,0,3,0
ISE,Male,6.74,0,70,3,500,1,0,4,0
AIML,Male,8.38,0,23,4,9,1,1,5,0
ECE,Male,6.14,2,32,2,12,1,1,3,0
Civil,Female,6.62,0,37,0,5,2,0,4,1
ECE,Female,6.41,0,9,0,13,1,1,4,0
CSE,Male,7.38,0,43,1,136,3,1,3,0
Mechanical,Male,8.09,0,40,0,5,3,0,4,0
CSE,Male,8.61,0,56,3,54,1,0,3,1
ISE,Male,6.54,0,53,3,6,3,0,4,1
Mechanical,Male,6.37,2,49,1,1,2,0,5,0
ECE,Female,5.61,2,22,2,51,1,0,3,0
AIML,Male,4.9,2,26,4,87,1,1,4,1
CSE,Male,8.74,0,51,2,192,2,1,3,1
CSE,Male,7.74,0,19,1,15,2,1,3,1
ECE,Male,7.57,2,26,2,49,2,0,5,1
AIML,Male,9.14,0,31,2,32,1,1,4,1
CSE,Female,6.69,0,44,4,11,0,0,3,0
ECE,Male,6.7,0,25,2,25,1,1,4,0
CSE,Male,7.62,0,82,2,28,2,0,2,0
ISE,Male,7.51,0,48,4,54,3,1,3,0
ISE,Male,7.33,0,44,3,12,1,0,4,1
Mechanical,Male,8.13,0,23,0,13,0,1,3,1
EEE,Male,6.77,0,42,0,21,1,0,5,1
CSE,Male,4.81,0,55,3,18,2,0,3,0
CSE,Male,7.52,0,76,2,91,3,0,2,1
ISE,Male,6.42,0,43,4,12,1,0,5,0
AIML,Male,6.82,0,78,3,138,2,1,5,1
ECE,Male,6.72,0,42,0,7,3,0,3,1
ECE,Male,7.84,0,24,1,17,0,0,3,1
ETE,Male,6.8,0,18,1,33,2,0,3,1
EEE,Female,5.27,1,37,1,15,1,0,4,0
CSE,Female,9.49,0,57,2,144,0,0,4,0
Mechanical,Male,4.74,4,34,1,27,1,1,3,0
EEE,Female,7.22,0,28,2,47,0,0,3,1
Civil,Male,6.34,1,29,1,0,1,0,5,0
EEE,Female,7.19,0,37,0,11,2,0,4,0
ISE,Female,5.46,3,50,2,111,1,0,4,0
ECE,Male,6.77,0,44,3,3,2,1,4,1
ETE,Female,7.77,0,39,3,11,0,0,2,1
ISE,Male,6.62,0,59,1,5,1,0,5,0
Mechanical,Male,6.83,1,27,0,16,1,0,5,0
Mechanical,Male,7.62,1,43,1,18,2,0,4,0
ECE,Male,8.61,0,28,0,15,0,1,3,1
AIML,Male,6.8,0,32,2,500,2,1,5,1
ISE,Male,7.81,0,73,2,56,1,1,3,0
ECE,Female,4.04,1,16,3,2,1,0,4,0
ECE,Male,8.03,0,44,3,74,2,0,3,0
ECE,Male,7.13,0,28,2,18,2,0,3,0
ECE,Female,9.57,0,18,2,38,3,1,3,1
ECE,Male,7.39,1,27,1,6,0,1,3,0
ETE,Male,6.5,1,31,2,102,1,1,2,0
AIML,Female,6.32,4,69,5,6,3,0,4,0
Civil,Male,4.0,0,28,2,2,2,1,4,0
ECE,Male,6.46,3,30,0,46,0,1,2,1
AIML,Male,7.74,0,89,4,48,2,1,4,1
ISE,Male,4.72,1,32,3,3,1,0,2,0
CSE,Female,6.73,0,59,3,46,2,1,3,1
AIML,Female,9.31,0,70,2,106,3,1,4,1
ISE,Male,7.75,0,32,3,132,1,0,4,0
ETE,Male,7.83,1,22,1,7,1,1,3,0
ECE,Male,5.31,1,13,2,6,0,0,3,0
Mechanical,Male,6.33,1,20,1,26,1,0,4,0
Civil,Female,6.97,0,34,0,24,3,0,4,0
Civil,Male,7.13,0,32,2,9,0,1,4,0
ISE,Male,5.97,0,58,3,0,3,0,5,1
EEE,Male,6.71,0,45,3,9,0,0,4,1
ECE,Male,8.98,0,37,1,1,1,0,3,0
Civil,Male,7.97,0,66,3,4,0,1,3,1
ISE,Male,5.84,1,63,2,49,4,0,5,0
AIML,Male,8.44,0,52,2,17,1,1,3,0
AIML,Female,4.78,4,81,3,104,1,1,3,0
AIML,Male,5.83,1,73,2,72,1,1,4,1
ISE,Female,8.51,0,75,2,40,1,0,4,1
Civil,Female,8.54,0,25,0,30,0,1,4,0
ISE,Female,7.83,0,37,1,52,0,1,3,1
EEE,Male,8.6,0,23,0,7,1,0,3,0
CSE,Male,9.05,1,30,3,346,1,0,2,0
ISE,Male,4.93,0,39,2,174,1,1,4,1
ISE,Male,5.11,0,76,1,169,1,1,3,0
EEE,Male,7.43,0,35,1,30,2,0,3,0
ECE,Female,8.04,0,50,1,10,2,1,3,0
Mechanical,Male,9.09,0,25,2,14,4,0,3,1
CSE,Male,7.02,0,63,3,135,2,0,4,0
EEE,Female,7.26,0,43,3,7,1,0,4,0
CSE,Female,8.04,0,64,3,95,1,1,4,1
Mechanical,Male,5.6,2,7,2,11,2,0,2,0
ETE,Female,9.07,0,19,3,4,2,1,5,1
EEE,Male,5.32,0,32,2,8,0,0,1,0
EEE,Female,8.25,0,27,2,13,2,0,3,1
ETE,Male,6.94,0,17,2,1,1,1,4,1
Mechanical,Male,7.73,1,29,1,3,1,0,1,0
Civil,Female,10.0,0,37,1,0,2,0,4,0
ISE,Male,8.15,0,60,2,70,1,1,4,1
ECE,Male,7.02,0,29,3,19,0,1,3,1
ISE,Male,6.5,0,100,2,121,0,1,4,0
ECE,Female,9.09,0,37,3,72,2,0,4,1
ECE,Female,6.16,0,18,1,7,1,1,4,0
Mechanical,Male,10.0,0,45,1,20,3,1,3,1
Mechanical,Male,8.3,0,30,3,4,1,1,2,0
CSE,Female,5.73,1,63,3,80,1,1,3,0
CSE,Female,7.34,1,28,2,59,1,1,3,0
Mechanical,Male,7.65,0,55,2,47,1,0,3,0
CSE,Male,10.0,0,51,3,168,3,1,1,0
AIML,Male,7.31,0,73,4,125,3,1,3,0
AIML,Male,8.59,0,77,2,70,0,1,2,1
Mechanical,Male,5.48,0,31,2,1,2,0,2,0
EEE,Male,8.62,0,33,0,17,2,0,4,0
Mechanical,Female,8.08,0,50,2,21,1,0,4,1
AIML,Female,6.55,0,71,2,25,1,0,4,0
ISE,Male,8.68,0,79,0,153,1,1,2,1
ISE,Male,8.85,0,55,3,62,1,1,3,1
ISE,Male,6.91,1,55,3,86,0,0,5,0
ISE,Male,4.74,1,40,5,36,0,1,1,0
ETE,Female,4.0,0,19,3,34,2,0,4,0
ECE,Female,6.57,0,18,2,19,1,0,1,1
ECE,Male,7.88,0,24,2,0,1,0,2,1
Mechanical,Female,6.93,2,20,0,20,4,1,3,1
ISE,Female,7.44,1,70,3,86,2,1,3,1
AIML,Male,8.31,0,42,4,14,2,0,5,1
ETE,Female,7.7,1,28,1,0,1,0,4,0
CSE,Male,6.14,0,57,2,61,2,1,2,0
ETE,Female,8.34,0,28,1,9,3,1,5,0
ETE,Male,6.45,2,25,2,6,1,0,1,0
ISE,Female,7.89,0,76,3,47,1,1,3,0
CSE,Male,7.27,0,61,3,19,2,0,3,0
Mechanical,Male,7.46,0,13,1,0,1,0,3,0
AIML,Male,8.04,0,32,0,133,2,1,5,0
Mechanical,Male,9.74,0,44,2,5,0,0,4,0
ECE,Male,8.93,0,35,1,15,3,0,4,0
ISE,Female,7.25,0,56,2,2,2,1,4,1
CSE,Female,7.72,0,59,4,109,2,1,5,1
ECE,Male,7.65,0,2,1,14,0,1,3,0
CSE,Male,8.73,0,47,2,76,1,1,5,1
AIML,Female,8.36,1,76,3,80,2,1,4,1
ECE,Male,4.0,4,36,2,30,1,1,4,0
ISE,Male,8.61,0,90,4,283,2,1,4,1
ECE,Male,5.07,2,19,2,74,2,0,3,0
ISE,Male,6.55,0,44,2,48,0,0,2,0
CSE,Female,9.21,0,64,2,8,1,1,3,0
Mechanical,Female,7.61,0,14,2,9,0,1,4,1
CSE,Male,7.4,2,69,1,67,2,1,2,0
ETE,Female,8.12,0,41,1,10,2,1,2,1
ISE,Male,10.0,0,57,3,137,3,0,3,1
ISE,Male,8.18,0,70,3,39,3,0,3,0
ISE,Male,8.6,0,54,2,22,1,1,4,1
ISE,Male,5.7,2,22,2,55,2,0,4,0
ECE,Female,7.77,0,25,2,41,2,1,4,1
EEE,Male,7.96,0,5,2,14,1,1,3,0
Mechanical,Male,6.78,0,31,2,15,1,1,3,0
ETE,Male,6.22,0,20,2,23,2,0,3,0
ECE,Female,6.18,2,34,2,21,0,0,3,0
ISE,Female,8.32,0,94,4,16,2,1,4,0
ETE,Male,6.45,0,14,2,6,2,0,3,0
ISE,Female,6.26,1,69,2,118,2,0,4,1
AIML,Female,7.54,0,62,5,38,2,0,5,0
AIML,Male,8.1,0,69,2,53,0,1,3,1
CSE,Male,4.35,1,69,3,203,0,0,5,0
CSE,Male,7.65,2,51,3,2,0,1,3,0
ECE,Female,9.48,0,35,0,5,0,0,3,1
ECE,Female,7.37,0,11,1,14,3,0,2,0
CSE,Male,6.44,1,58,3,43,0,1,3,0
ISE,Male,5.29,0,32,2,176,2,0,3,0
AIML,Male,6.72,0,69,3,152,3,1,1,0
CSE,Male,4.0,1,96,2,217,1,0,5,1
ETE,Female,9.53,0,30,3,3,1,0,3,0
Civil,Female,8.09,0,31,2,18,1,1,2,0
AIML,Female,7.23,0,75,2,50,3,1,4,1
Mechanical,Female,7.56,1,0,2,100,1,1,4,0
Mechanical,Male,6.11,0,26,2,50,1,0,2,0
Civil,Male,8.36,0,61,2,18,2,1,4,0
Civil,Female,6.09,1,32,2,0,0,0,4,0
ECE,Male,6.13,0,47,2,16,1,1,3,0
ISE,Male,8.05,0,74,1,145,2,1,4,1
EEE,Male,6.36,1,27,1,11,0,0,4,0
AIML,Male,9.15,1,15,1,2,2,1,5,0
ECE,Male,9.67,0,42,2,13,1,1,3,1
CSE,Male,8.79,0,54,3,33,0,1,4,1
AIML,Male,7.67,1,24,1,98,0,1,2,0
ECE,Male,6.16,1,35,2,14,2,0,4,0
CSE,Male,9.38,0,68,3,26,1,1,4,1
EEE,Female,7.41,0,27,2,6,1,1,3,1
ETE,Male,7.87,1,47,2,2,1,1,3,0
AIML,Male,7.71,1,41,3,27,1,1,3,1
ETE,Female,6.07,2,21,2,53,0,0,3,0
ECE,Male,7.1,0,10,1,22,1,0,3,0
CSE,Female,6.7,0,74,5,24,0,0,4,1
EEE,Male,6.79,0,18,2,2,0,1,4,1
EEE,Male,6.58,1,51,2,35,1,0,5,0
Mechanical,Male,8.75,0,18,2,11,0,0,3,1
ETE,Male,7.84,0,25,1,25,3,0,3,0
ISE,Female,6.15,4,40,2,18,2,0,3,0
CSE,Male,8.03,0,25,2,78,2,0,4,1
ETE,Male,7.61,0,20,1,8,2,0,2,1
ECE,Male,8.88,0,24,3,0,3,0,5,1
ECE,Male,8.41,0,23,3,19,1,0,5,0
AIML,Male,8.01,0,56,2,13,2,0,2,1
EEE,Male,7.85,0,54,1,13,1,0,4,0
ETE,Male,4.85,1,35,2,29,1,1,5,0
CSE,Female,4.33,0,61,2,186,0,0,5,1
ECE,Male,5.68,0,27,2,50,0,0,3,0
ISE,Female,9.53,0,69,3,14,0,1,4,0
EEE,Male,7.95,0,47,3,42,2,0,4,0
ECE,Male,8.99,0,1,1,28,1,0,3,0
AIML,Male,7.17,0,51,3,127,2,1,3,1
CSE,Male,7.32,0,51,1,62,0,1,4,1
CSE,Female,7.91,0,39,2,152,2,0,3,0
CSE,Male,8.12,0,83,3,94,2,1,3,1
AIML,Female,6.15,3,29,3,15,2,1,4,0
ISE,Female,8.39,0,56,1,51,1,1,5,0
Mechanical,Male,7.89,0,36,2,19,2,0,4,0
ECE,Female,8.21,0,48,3,11,0,1,4,0
CSE,Male,7.78,0,64,1,88,3,1,3,1
CSE,Female,9.01,0,65,3,83,3,1,5,0
Mechanical,Male,7.6,0,46,0,22,1,0,4,0
Mechanical,Male,5.54,0,21,0,70,2,0,3,0
EEE,Male,5.92,0,33,1,19,0,0,3,1
EEE,Male,7.23,0,20,0,11,3,1,4,0
Civil,Female,5.27,0,49,2,105,1,1,3,0
ECE,Male,8.8,0,19,3,5,3,0,3,0
ISE,Male,8.91,0,38,3,86,2,1,3,1
ISE,Male,8.47,0,41,3,133,2,1,3,0
EEE,Male,8.43,0,13,1,1,3,1,3,1
ETE,Male,6.46,0,24,2,3,3,0,4,1
ISE,Male,9.01,0,61,3,47,3,1,5,0
CSE,Male,9.2,0,65,3,26,0,0,3,0
ISE,Male,6.08,1,83,4,153,0,0,4,0
AIML,Male,7.65,0,29,2,8,2,0,2,1
ISE,Male,7.16,0,54,2,86,0,1,2,1
CSE,Male,6.69,1,95,1,12,1,1,3,1
ISE,Male,7.29,1,68,3,57,0,1,2,1
ETE,Female,8.55,0,48,1,0,2,1,3,1
ECE,Female,6.48,4,31,2,2,3,0,3,0
Mechanical,Female,7.74,0,20,1,3,3,0,4,0
AIML,Male,6.13,3,27,2,19,3,1,2,0
AIML,Male,8.13,0,33,2,23,1,1,2,1
ETE,Female,4.46,1,30,1,64,2,0,3,0
ETE,Male,7.9,0,40,3,27,2,1,3,1
Mechanical,Female,6.0,1,35,1,2,0,1,3,1
ISE,Male,7.0,0,63,4,83,2,1,5,1
Civil,Female,9.3,0,44,0,4,3,0,3,0
EEE,Male,8.28,0,43,3,5,1,0,4,1
ECE,Female,7.51,0,30,0,1,3,1,3,0
ECE,Female,7.88,0,22,3,16,0,0,4,1
ECE,Male,5.48,0,8,3,27,0,1,4,1
ECE,Male,8.99,0,26,1,74,1,1,2,1
ECE,Male,5.76,1,27,2,1,3,0,3,0
ECE,Male,7.5,0,25,0,9,2,0,2,0
ISE,Male,6.94,0,78,4,68,2,0,4,0
ECE,Female,7.6,0,37,1,4,1,1,3,0
CSE,Male,7.5,1,98,5,9,0,0,4,1
AIML,Male,8.76,0,67,3,7,1,1,3,0
Mechanical,Female,8.93,0,17,1,8,0,0,3,0
ISE,Female,6.4,1,43,3,3,1,0,3,0
EEE,Male,6.82,0,39,2,66,1,1,3,0
ECE,Male,4.0,0,61,3,2,2,1,5,0
ETE,Male,6.03,3,24,2,28,2,0,2,0
CSE,Female,7.79,0,38,2,11,1,1,4,1
Mechanical,Female,7.91,0,17,2,4,0,0,3,0
AIML,Female,5.92,0,74,3,8,2,0,4,0
CSE,Female,8.17,0,56,3,41,2,1,3,0
ECE,Male,9.11,0,50,1,64,2,0,3,0
AIML,Female,8.48,0,37,2,64,2,1,4,0
Mechanical,Female,4.34,2,26,1,5,1,0,4,0
ISE,Female,8.02,0,68,4,113,2,1,2,0
ECE,Male,7.33,0,14,3,73,3,0,5,0
Mechanical,Male,7.84,1,30,2,31,0,1,4,1
CSE,Male,6.37,1,63,2,63,2,1,3,0
ECE,Female,5.77,2,17,1,37,1,1,1,0
ISE,Female,7.15,1,65,3,273,2,0,4,0
CSE,Male,7.05,0,51,4,158,2,1,3,0
ECE,Male,6.96,0,41,1,21,4,0,4,1
ECE,Male,5.05,0,37,2,4,1,0,3,0
CSE,Male,4.97,3,39,3,78,1,1,4,0
AIML,Female,5.06,2,68,2,120,2,1,3,1
CSE,Female,7.58,0,71,4,361,1,1,4,1
Civil,Male,9.27,0,40,3,76,1,1,3,1
ISE,Female,7.72,0,57,1,54,0,0,2,1
CSE,Female,6.68,1,20,3,76,2,1,4,0
Mechanical,Male,7.94,0,24,3,0,1,1,3,0
Civil,Female,9.55,0,42,2,19,4,1,5,1
CSE,Male,8.76,0,44,5,30,1,0,3,1
CSE,Female,6.51,1,41,1,46,0,0,4,1
Mechanical,Female,6.6,0,26,1,19,1,1,4,1
AIML,Female,6.87,0,43,2,62,1,1,4,0
CSE,Male,7.03,1,10,2,1,1,1,4,0
ISE,Male,8.84,0,75,2,134,1,1,3,1
AIML,Male,6.3,2,29,2,2,2,0,5,0
AIML,Male,8.16,0,73,0,47,2,0,3,0
ECE,Female,7.32,0,26,2,70,0,1,4,1
Mechanical,Male,6.69,1,48,2,3,2,0,3,0
CSE,Male,5.48,1,100,2,92,2,0,4,0
AIML,Male,7.04,0,57,3,84,3,0,3,1
ECE,Male,7.28,1,44,0,5,1,0,4,0
ISE,Male,7.33,0,51,3,91,0,0,4,0
ECE,Male,6.01,0,26,3,17,3,0,4,1
ETE,Male,8.12,0,31,1,10,2,0,5,1
AIML,Male,7.25,0,28,1,18,1,1,3,1
CSE,Female,7.17,2,68,3,5,0,1,4,0
Mechanical,Male,6.05,0,26,1,8,1,0,4,0
CSE,Male,7.23,1,78,2,141,3,1,2,0
AIML,Female,6.76,0,45,2,86,2,0,4,0
CSE,Male,6.57,0,13,2,2,4,1,3,1
EEE,Male,6.53,0,0,1,16,2,0,1,0
Civil,Female,8.04,0,32,3,7,1,1,3,0
ISE,Male,7.92,0,92,1,27,3,0,5,1
AIML,Male,6.11,0,34,1,21,2,0,3,1
Mechanical,Female,7.13,0,26,2,26,3,0,3,1
ECE,Male,7.3,0,27,2,6,3,1,5,0
Mechanical,Male,7.89,0,14,3,15,1,1,5,1
ISE,Male,8.23,0,47,2,114,3,1,3,0
CSE,Female,5.65,1,69,1,164,1,1,2,1
Civil,Female,7.21,0,11,1,26,1,0,3,0
AIML,Male,5.84,3,56,4,92,0,0,4,0
Civil,Female,8.69,0,36,1,12,0,0,4,1
CSE,Male,6.86,1,49,4,2,2,1,4,0
Civil,Male,6.55,0,9,3,16,0,0,3,0
EEE,Male,8.35,0,41,1,41,2,1,5,0
Mechanical,Female,7.19,0,12,1,36,2,1,5,1
AIML,Male,6.14,3,45,3,139,1,0,3,0
Civil,Male,7.19,2,32,1,0,1,1,1,0
CSE,Male,8.23,0,58,5,57,2,1,3,0
ETE,Female,6.47,1,38,1,17,2,1,1,1
CSE,Male,7.63,0,61,4,31,0,0,4,0
AIML,Male,7.74,0,52,3,29,0,1,3,0
AIML,Male,7.7,0,83,3,71,0,1,3,0
Mechanical,Male,4.01,1,33,3,31,0,1,5,0
AIML,Female,5.69,2,25,2,67,2,1,3,0
ISE,Male,8.19,0,17,3,36,1,1,3,0
CSE,Female,7.29,1,70,1,54,1,0,3,0
ETE,Female,6.9,0,20,1,29,1,0,4,0
EEE,Male,6.64,0,21,1,52,1,0,3,0
ETE,Male,8.65,0,0,0,0,1,0,3,0
AIML,Male,6.65,1,69,2,40,1,0,5,1
ISE,Male,6.75,0,72,3,454,1,0,5,1
EEE,Male,6.52,0,44,1,44,3,0,4,1
ECE,Male,5.32,0,11,2,44,3,1,3,1
Civil,Male,8.59,0,47,0,4,2,1,4,1
ECE,Female,7.98,0,51,3,16,2,0,3,0
CSE,Male,9.18,0,52,2,208,2,0,2,0
CSE,Male,8.35,0,51,3,0,3,1,5,1
AIML,Male,6.24,0,79,1,12,0,0,4,1
AIML,Male,6.59,2,100,4,48,2,0,3,1
ISE,Male,7.1,1,91,3,7,2,1,5,0
AIML,Female,6.87,0,49,2,51,4,0,4,0
ISE,Male,9.41,1,63,2,181,1,1,3,1
CSE,Male,8.83,0,40,3,27,2,1,4,1
ISE,Female,6.49,0,37,3,92,2,0,2,0
EEE,Male,5.66,0,35,1,5,1,1,3,0
AIML,Female,5.88,0,60,2,93,1,0,4,0
Mechanical,Female,7.76,0,29,0,9,2,1,3,1
CSE,Female,7.67,0,71,3,18,1,1,3,1
Civil,Female,8.03,0,8,0,13,1,0,4,0
CSE,Male,7.08,0,44,2,83,2,0,4,0
ECE,Male,7.49,0,30,1,12,0,0,3,1
ECE,Male,6.14,0,26,2,49,1,0,3,0
ECE,Male,6.34,0,35,2,21,1,0,3,0
ECE,Male,9.51,0,34,1,10,1,0,3,0
AIML,Female,7.63,0,57,1,69,4,1,3,1
ETE,Male,6.83,0,38,1,10,0,1,3,0
Civil,Male,4.32,1,36,1,19,0,1,3,1
EEE,Male,6.31,3,28,2,2,1,0,2,0
Mechanical,Female,7.67,0,25,3,1,1,0,3,0
ETE,Male,6.97,0,66,3,45,1,0,3,0
Civil,Male,7.19,0,51,3,14,1,1,3,1
Civil,Female,6.55,0,41,3,7,0,0,3,1
Mechanical,Female,8.96,0,35,2,0,0,0,1,1
ECE,Male,7.26,0,18,2,0,2,1,4,0
Civil,Male,6.2,1,50,2,19,2,0,3,0
ISE,Male,6.77,0,35,1,234,2,1,2,0
EEE,Female,7.77,1,53,1,0,2,0,2,0
ISE,Male,6.91,0,66,1,11,0,0,3,1
AIML,Female,7.39,0,84,3,36,0,1,3,1
Mechanical,Female,5.73,1,9,2,1,2,1,3,0
Civil,Male,6.23,2,41,2,5,2,1,3,0
CSE,Male,8.85,0,6,1,52,1,1,5,0
ETE,Male,6.93,0,44,2,4,2,1,2,1
AIML,Male,8.98,0,73,4,63,3,1,4,1
ISE,Male,8.36,0,52,4,31,1,1,3,0
ISE,Female,9.01,0,63,2,185,3,0,3,1
CSE,Female,6.58,0,33,2,107,3,0,4,1
ECE,Male,6.71,0,17,3,27,4,0,3,1
ISE,Male,7.63,0,95,1,1,1,0,4,1
AIML,Male,5.43,3,63,0,18,2,1,3,0
Mechanical,Male,7.29,1,8,0,29,2,0,4,0
ISE,Male,7.51,0,67,3,109,2,1,3,1
ETE,Male,5.37,0,57,1,23,2,0,2,0
AIML,Male,7.29,0,93,3,7,1,0,2,0
ECE,Female,8.24,0,43,2,17,1,0,5,1
Mechanical,Male,5.87,1,14,0,42,2,1,3,0
Mechanical,Male,7.9,0,56,1,12,0,0,4,0
Civil,Male,5.74,1,36,0,6,2,0,1,0
ISE,Male,7.05,0,50,3,31,2,0,3,0
ETE,Male,8.43,0,29,0,5,2,0,2,0
ETE,Male,8.25,0,6,2,30,1,0,3,0
ECE,Female,6.04,3,25,0,7,0,1,4,0
Civil,Male,6.37,0,20,2,0,0,1,4,0
ECE,Female,6.05,2,31,3,1,1,0,2,0
ISE,Female,8.35,0,88,2,3,1,1,4,1
AIML,Male,7.86,0,47,4,84,1,0,2,0
Civil,Female,8.36,0,22,1,0,0,1,4,1
ISE,Female,5.5,1,66,2,132,1,1,3,0
ISE,Male,6.41,3,58,3,56,2,1,3,0
CSE,Male,5.15,1,77,2,41,2,0,5,0
ISE,Male,8.33,0,45,2,188,2,0,3,0
Mechanical,Male,8.63,0,25,2,14,3,0,2,0
EEE,Female,8.37,0,10,2,25,1,0,3,0
ISE,Male,8.04,0,74,5,74,1,1,4,1
ISE,Male,7.84,0,83,2,84,2,1,4,1
AIML,Male,7.77,2,56,2,46,0,1,3,0
CSE,Female,5.04,0,60,2,73,3,1,3,0
ECE,Male,7.65,1,22,2,0,1,0,3,0
ECE,Male,9.7,0,51,1,34,2,0,3,1
ETE,Male,7.37,1,41,0,8,0,0,4,1
ECE,Male,8.6,0,25,2,8,3,1,3,1
Mechanical,Male,6.39,0,55,2,18,1,1,3,0
Civil,Female,6.14,2,4,2,15,3,0,3,1
CSE,Male,6.99,0,70,4,75,2,0,4,1
CSE,Male,6.1,1,35,2,90,0,0,3,0
Mechanical,Female,8.8,0,47,2,3,1,0,3,0
CSE,Male,6.79,1,44,2,11,1,0,3,1
ECE,Female,9.33,0,51,1,37,0,1,3,0
ISE,Male,8.14,0,68,5,7,0,1,4,0
ECE,Male,5.32,1,41,1,1,1,0,4,0
CSE,Male,6.34,1,43,5,84,2,0,3,0
Civil,Male,8.37,0,18,2,34,0,1,5,0
ECE,Male,5.17,0,56,1,21,0,0,1,0
ETE,Male,8.88,0,36,0,47,3,0,3,1
EEE,Male,6.61,0,50,0,2,0,0,3,0
ETE,Male,5.84,0,49,1,24,0,0,3,0
ETE,Female,7.16,0,60,2,5,1,0,3,0
ISE,Male,7.26,0,77,4,53,2,0,2,1
ECE,Female,7.28,0,29,1,24,0,0,4,0
ECE,Male,7.5,0,41,0,6,4,0,3,0
Mechanical,Male,6.13,0,53,3,59,3,1,4,0
Mechanical,Male,6.84,2,15,1,40,0,0,3,0
CSE,Male,8.31,0,85,2,18,2,1,2,1
ISE,Male,7.53,0,89,2,272,2,1,3,1
ECE,Male,9.08,0,5,2,3,1,0,3,1
ISE,Male,10.0,0,27,3,56,1,1,3,1
Civil,Female,5.46,1,17,3,19,3,0,3,0
AIML,Female,6.86,0,84,4,64,1,0,3,1
AIML,Male,8.74,0,47,4,33,3,0,1,0
AIML,Male,7.2,2,62,3,51,1,1,3,0
CSE,Male,7.7,0,48,3,251,2,1,3,1
ECE,Male,7.37,0,44,2,14,0,0,5,0
EEE,Male,7.12,1,17,1,5,3,1,4,1
CSE,Male,6.12,2,60,5,36,1,1,5,0
CSE,Male,8.17,0,76,3,121,1,1,2,0
ETE,Male,8.29,0,40,1,23,2,0,4,1
ISE,Male,6.81,1,98,2,65,0,0,2,0
ECE,Male,5.45,3,27,0,40,1,1,3,0
ISE,Male,7.51,0,55,2,41,1,1,4,1
CSE,Female,6.52,0,67,2,24,2,0,5,0
ECE,Male,8.43,0,28,1,11,1,1,2,1
Mechanical,Female,7.24,0,46,2,1,2,0,3,0
ISE,Female,6.21,1,32,3,55,3,0,5,1
Mechanical,Male,7.79,0,44,3,5,1,1,2,1
EEE,Female,7.39,0,12,3,54,2,1,3,1
AIML,Female,10.0,0,53,3,65,1,1,4,1
ISE,Female,6.93,0,73,0,26,2,0,4,0
CSE,Male,5.99,0,46,3,135,2,1,4,0
ISE,Female,6.56,0,43,5,355,2,1,3,0
AIML,Female,5.85,3,30,1,233,1,1,3,0
ECE,Male,7.83,0,30,1,48,1,0,2,0
ISE,Male,7.67,1,44,1,139,1,1,3,0
CSE,Female,7.14,0,44,4,30,1,1,4,1
AIML,Male,7.47,1,27,1,3,0,1,3,0
CSE,Male,8.31,0,25,1,230,1,1,3,1
Mechanical,Female,8.97,0,3,2,7,2,0,1,1
CSE,Male,7.97,0,40,3,69,4,1,4,0
ECE,Female,5.41,1,33,1,17,2,1,3,0
ISE,Male,5.06,0,50,3,69,2,0,3,0
CSE,Male,8.1,0,30,2,195,2,1,5,1
CSE,Female,7.08,0,76,3,17,1,1,5,1
AIML,Male,9.88,0,47,1,43,2,0,2,0
EEE,Male,8.24,0,31,2,1,0,0,3,0
ISE,Male,5.47,1,45,3,142,2,0,4,1
AIML,Female,7.16,0,49,3,15,4,1,2,1
AIML,Male,7.47,0,33,3,40,2,1,3,0
Civil,Female,5.91,1,40,2,24,4,0,2,1
AIML,Male,5.39,1,76,2,160,2,1,3,1
CSE,Female,6.34,0,88,1,146,0,0,3,1
EEE,Male,7.67,0,27,1,12,2,1,2,0
AIML,Female,8.45,0,60,2,7,2,1,2,1
ECE,Male,8.29,0,39,0,22,4,1,4,1
AIML,Female,5.83,4,71,2,11,0,1,3,0
AIML,Female,6.17,1,68,0,29,1,1,3,1
ECE,Male,6.64,0,22,2,0,0,0,3,1
ECE,Male,7.69,0,30,1,53,3,0,4,1
AIML,Female,7.04,0,100,3,71,2,0,3,0
ISE,Male,8.35,0,34,4,28,3,1,3,1
ISE,Female,5.88,0,30,4,25,1,0,3,0
EEE,Female,7.8,0,38,2,2,0,1,4,0
Mechanical,Female,9.04,0,52,1,3,2,0,2,1
ECE,Female,7.55,2,58,3,14,3,0,3,0
ETE,Male,8.74,0,46,0,15,0,1,3,0
ISE,Male,7.45,0,79,3,222,1,0,2,0
ECE,Male,7.39,0,45,1,6,1,0,3,0
ETE,Male,8.68,0,31,0,16,2,0,4,0
Civil,Male,6.86,0,32,2,9,2,0,3,1
AIML,Male,7.6,1,61,1,79,0,1,4,0
AIML,Male,4.99,4,60,4,105,3,0,5,0
AIML,Female,7.34,1,34,2,53,2,0,4,0
ISE,Male,8.11,0,51,2,35,1,0,3,0
ISE,Male,6.28,2,54,3,54,1,1,2,0
ECE,Female,6.58,1,34,2,0,0,1,4,0
AIML,Female,7.7,0,84,4,1,1,1,3,1
CSE,Male,7.27,0,65,2,23,0,0,3,1
CSE,Female,6.55,0,57,1,88,2,1,5,0
AIML,Male,6.86,0,67,4,0,2,0,4,0
ETE,Male,6.69,0,13,1,4,0,0,4,1
Civil,Male,7.42,0,15,2,38,0,1,3,1
CSE,Female,6.54,0,56,4,103,1,1,2,0
Mechanical,Female,7.42,0,49,2,8,2,0,3,1
CSE,Male,6.78,0,75,1,44,0,0,4,0
ISE,Male,6.95,0,59,3,4,4,1,3,1
EEE,Male,7.42,0,39,2,2,0,1,4,0
CSE,Male,7.37,0,43,3,180,3,1,5,0
Civil,Female,6.79,0,32,2,13,2,0,3,0
Mechanical,Male,7.61,0,36,1,0,0,0,2,1
Mechanical,Male,5.83,2,37,3,14,3,1,4,0
CSE,Male,5.49,1,65,2,330,2,0,5,0
CSE,Female,5.77,2,67,1,53,0,1,4,1
ISE,Male,5.92,0,68,2,74,2,0,3,0
CSE,Male,8.26,0,66,0,15,1,0,5,0
ISE,Female,6.14,0,74,1,283,1,1,3,0
CSE,Female,6.92,1,69,3,185,1,0,4,0
ECE,Female,6.4,1,16,1,14,1,0,2,0
ECE,Male,8.05,0,33,0,36,4,0,5,0
ECE,Male,5.78,0,40,0,6,1,0,3,0
ISE,Male,6.86,0,45,3,111,0,0,1,0
AIML,Male,7.72,0,52,3,35,2,1,5,0
ECE,Male,6.67,0,56,2,82,1,0,1,0
Mechanical,Female,9.7,0,50,2,10,2,0,3,0
Mechanical,Male,6.35,1,55,1,12,3,0,2,1
ISE,Male,6.36,0,32,3,67,0,0,5,0
CSE,Female,6.55,0,51,2,59,2,1,3,1
ISE,Male,5.16,1,26,2,140,1,0,4,0
ECE,Female,7.26,0,19,0,18,1,1,4,1
AIML,Male,7.57,0,39,3,208,1,1,3,1
ECE,Male,9.16,0,42,0,12,0,1,4,0
CSE,Male,8.14,0,57,1,45,2,1,4,1
Civil,Male,8.69,0,42,0,2,0,0,3,0
ECE,Female,5.62,0,46,1,31,2,0,4,1
AIML,Male,7.56,1,58,2,13,2,1,2,0
ISE,Male,7.15,0,73,3,173,0,1,4,1
ECE,Male,7.98,0,36,2,29,1,1,1,0
EEE,Male,8.06,0,58,2,47,2,0,5,0
AIML,Female,7.05,0,39,3,131,3,1,4,0
AIML,Male,7.65,2,56,3,174,1,0,5,1
CSE,Male,9.27,0,84,4,197,1,1,4,1
ECE,Male,5.74,1,19,2,27,2,0,4,1
ECE,Female,6.66,0,63,3,16,2,1,4,0
CSE,Male,8.85,0,61,5,25,2,1,3,0
ISE,Male,10.0,0,92,5,4,2,1,5,0
AIML,Male,6.75,0,33,3,80,2,0,4,1
CSE,Male,6.46,1,68,4,70,1,0,5,0
EEE,Male,5.64,1,21,2,6,2,1,5,1
ISE,Female,6.75,0,71,2,150,1,1,4,1
ISE,Male,6.12,3,97,2,57,1,1,3,0
Mechanical,Male,9.27,0,51,1,0,2,0,4,1
ECE,Male,9.77,0,34,1,53,1,1,5,0
Mechanical,Male,7.04,0,31,3,13,1,1,2,1
ECE,Male,6.0,0,20,2,50,1,0,2,0
Civil,Male,8.12,0,6,1,19,2,1,2,0
ECE,Female,6.6,0,70,1,2,1,0,3,0
ISE,Male,7.35,0,30,2,20,0,1,4,1
CSE,Female,4.67,2,49,4,37,1,0,5,0
ISE,Male,6.29,0,37,3,9,1,1,3,1
CSE,Male,7.76,0,74,2,26,2,1,3,1
CSE,Female,8.22,0,37,3,34,2,1,3,1
CSE,Male,5.87,3,45,1,80,3,1,4,0
Mechanical,Male,7.46,1,36,0,17,2,1,1,0
CSE,Male,6.41,0,61,3,38,0,1,4,0
CSE,Male,7.75,0,91,4,45,0,1,3,1
Civil,Female,5.12,4,39,2,10,2,0,4,0
Mechanical,Female,7.87,1,42,1,2,2,0,2,1
CSE,Female,6.1,2,68,2,125,1,1,3,0
Mechanical,Male,7.25,0,32,2,2,1,1,3,0
ECE,Female,7.03,2,8,1,20,2,0,4,0
CSE,Female,6.72,0,63,3,313,3,1,2,0
Mechanical,Male,6.16,1,0,1,0,0,0,3,0
CSE,Female,6.61,0,60,1,351,1,0,4,0
AIML,Female,10.0,0,39,4,62,0,1,3,0
Mechanical,Female,4.47,0,6,3,4,0,1,3,0
CSE,Male,4.0,0,83,2,42,3,0,5,0
CSE,Male,5.32,0,59,2,84,2,0,3,0
CSE,Female,7.91,0,57,5,82,2,1,1,0
ETE,Male,9.06,0,52,1,15,1,0,3,1
Mechanical,Female,7.51,0,44,1,26,3,0,2,0
Civil,Female,6.46,0,5,3,29,2,0,5,0
Civil,Male,7.75,0,37,3,0,2,1,3,0
EEE,Female,7.54,1,45,1,5,1,1,2,0
ECE,Female,7.3,0,26,3,24,2,1,4,1
Mechanical,Female,9.23,0,20,3,60,1,0,2,1
Mechanical,Male,9.03,0,46,1,7,1,0,5,0
ECE,Female,8.6,0,20,2,12,0,0,3,0
CSE,Female,8.31,0,80,1,70,3,1,4,0
ISE,Female,6.81,0,63,4,138,3,1,3,0
ECE,Male,9.11,0,23,2,27,0,1,3,1
Mechanical,Male,7.61,0,39,2,0,0,0,3,1
Civil,Male,5.7,0,43,1,23,1,0,3,0
CSE,Female,9.47,0,69,2,21,4,1,5,1
ISE,Male,7.89,0,71,3,457,1,1,3,0
Mechanical,Female,5.6,1,35,2,29,0,0,3,0
CSE,Female,6.23,3,28,2,7,0,0,4,0
AIML,Male,7.54,2,61,4,35,1,1,2,0
CSE,Male,5.48,0,60,3,1,4,0,4,0
CSE,Male,8.6,0,56,1,18,1,0,3,0
EEE,Female,8.23,0,36,2,42,0,0,5,0
ISE,Male,6.88,0,3,2,89,2,1,2,0
ISE,Male,7.08,0,73,1,51,2,1,4,0
AIML,Female,8.08,0,51,3,106,4,1,3,1
ECE,Male,6.24,1,19,3,48,0,0,3,0
CSE,Male,9.12,0,90,2,98,2,1,2,1
CSE,Male,7.04,0,30,3,2,2,0,1,0
ETE,Male,8.5,0,53,1,43,1,0,3,0
Mechanical,Female,8.46,1,42,0,20,2,1,4,0
Civil,Male,4.51,1,53,1,49,1,1,5,0
ECE,Female,6.0,0,48,1,2,1,0,4,0
AIML,Female,8.05,0,72,2,149,3,1,1,0
ISE,Male,7.3,0,83,4,62,1,0,3,0
ECE,Male,7.13,0,16,2,12,0,0,5,1
AIML,Male,6.43,3,64,3,150,1,1,4,0
ECE,Female,7.5,0,23,1,21,0,1,4,0
Mechanical,Female,8.0,0,23,1,16,2,0,3,0
ECE,Female,5.74,0,40,2,11,0,0,3,1
EEE,Female,8.68,0,34,1,18,2,1,4,0
CSE,Female,8.51,0,77,4,460,2,1,2,1
AIML,Female,7.62,0,38,3,21,2,0,1,0
CSE,Female,8.03,0,43,4,123,0,1,3,0
ECE,Female,7.59,1,31,1,25,2,1,2,1
ISE,Male,7.18,0,29,2,87,0,1,5,0
Mechanical,Male,6.85,0,33,1,17,1,1,3,0
ETE,Male,8.31,0,23,2,20,1,0,3,1
ISE,Male,5.91,4,31,3,123,0,0,4,0
CSE,Male,8.65,0,57,3,100,4,1,3,0
AIML,Female,6.42,0,70,2,137,0,1,1,1
ECE,Male,6.24,1,41,1,6,1,1,2,0
Civil,Male,5.0,2,33,1,5,2,0,3,0
AIML,Male,6.11,0,40,3,100,2,0,2,1
ISE,Male,6.32,2,51,3,68,0,1,5,1
AIML,Female,4.84,1,63,3,40,3,1,3,0
AIML,Male,8.08,0,49,2,10,1,1,3,0
CSE,Male,6.35,3,56,1,89,1,0,4,0
AIML,Male,8.94,0,65,3,124,3,1,3,1
ECE,Male,7.26,0,48,0,12,3,0,1,0
AIML,Male,9.6,0,45,3,13,1,1,4,0
